question,exact_answer,standard_prompting_input,BARD_0_SP_pred_Rank,BARD_5_SP_pred_Rank,GPT4_0_SP_pred_Rank,GPT4_5_SP_pred_Rank,GPT3.5_0_SP_pred_Rank,GPT3.5_5_SP_pred_Rank,CoT_prompting_input,BARD_0_CoTP_pred_Rank,BARD_5_CoTP_pred_Rank,GPT4_0_CoTP_pred_Rank,GPT4_5_CoTP_pred_Rank,GPT3.5_0_CoTP_pred_Rank,GPT3.5_5_CoTP_pred_Rank,SQ_prompting_input,BARD_0_SQP_pred_Rank,BARD_5_SQP_pred_Rank,GPT4_0_SQP_pred_Rank,GPT4_5_SQP_pred_Rank,GPT3.5_0_SQP_pred_Rank,GPT3.5_5_SQP_pred_Rank
Which type of pluripotency is Otx2 associated with?,['formative pluripotency'],"Answer the following factoid question and provide up to 5 candidates, ordered by decreasing confidence. Question: {Which type of pluripotency is Otx2 associated with?}. Candidate answers:",0,0,4,0,0,0,"Given the question {Which type of pluripotency is Otx2 associated with?}, identify keywords, search for relevant information, list up to 5 candidate answers, rank them by confidence, and present an ordered list.",0,0,0,4,0,0,"Given the question {Which type of pluripotency is Otx2 associated with?}, generate a related question that will help answer the question more accurately. Answer the generated question and use it to list up to 5 candidate answers that are most likely to be correct, ordered by decreasing confidence.",0,0,4,1,0,0
"What type of genome, (RNA or DNA, double stranded single stranded) is found in the the virus that causes blue tongue disease?","['double stranded, segmented RNA']","Answer the following factoid question and provide up to 5 candidates, ordered by decreasing confidence. Question: {What type of genome, (RNA or DNA, double stranded single stranded) is found in the the virus that causes blue tongue disease?}. Candidate answers:",1,1,1,1,1,1,"Given the question {What type of genome, (RNA or DNA, double stranded single stranded) is found in the the virus that causes blue tongue disease?}, identify keywords, search for relevant information, list up to 5 candidate answers, rank them by confidence, and present an ordered list.",1,1,1,1,1,1,"Given the question {What type of genome, (RNA or DNA, double stranded single stranded) is found in the the virus that causes blue tongue disease?}, generate a related question that will help answer the question more accurately. Answer the generated question and use it to list up to 5 candidate answers that are most likely to be correct, ordered by decreasing confidence.",1,1,1,1,1,1
What gene test is recommended for clopidogrel?,['CYP2C19 genotyping'],"Answer the following factoid question and provide up to 5 candidates, ordered by decreasing confidence. Question: {What gene test is recommended for clopidogrel?}. Candidate answers:",1,1,1,1,1,1,"Given the question {What gene test is recommended for clopidogrel?}, identify keywords, search for relevant information, list up to 5 candidate answers, rank them by confidence, and present an ordered list.",1,1,1,1,1,1,"Given the question {What gene test is recommended for clopidogrel?}, generate a related question that will help answer the question more accurately. Answer the generated question and use it to list up to 5 candidate answers that are most likely to be correct, ordered by decreasing confidence.",1,1,1,1,1,1
Which company produces the Oncomine Dx target test?,['Thermo Fisher Scientific'],"Answer the following factoid question and provide up to 5 candidates, ordered by decreasing confidence. Question: {Which company produces the Oncomine Dx target test?}. Candidate answers:",1,1,1,1,1,1,"Given the question {Which company produces the Oncomine Dx target test?}, identify keywords, search for relevant information, list up to 5 candidate answers, rank them by confidence, and present an ordered list.",1,1,1,1,1,1,"Given the question {Which company produces the Oncomine Dx target test?}, generate a related question that will help answer the question more accurately. Answer the generated question and use it to list up to 5 candidate answers that are most likely to be correct, ordered by decreasing confidence.",1,1,1,1,1,1
Which is the molecular weight of the protein angiogenin?,"['14,120 Da']","Answer the following factoid question and provide up to 5 candidates, ordered by decreasing confidence. Question: {Which is the molecular weight of the protein angiogenin?}. Candidate answers:",0,0,0,0,0,0,"Given the question {Which is the molecular weight of the protein angiogenin?}, identify keywords, search for relevant information, list up to 5 candidate answers, rank them by confidence, and present an ordered list.",0,0,0,0,0,0,"Given the question {Which is the molecular weight of the protein angiogenin?}, generate a related question that will help answer the question more accurately. Answer the generated question and use it to list up to 5 candidate answers that are most likely to be correct, ordered by decreasing confidence.",0,0,0,0,0,0
Which human disease is experimental autoimmune encephalomyelitis (EAE) model for?,['Model of MS (Multiple Sclerosis)'],"Answer the following factoid question and provide up to 5 candidates, ordered by decreasing confidence. Question: {Which human disease is experimental autoimmune encephalomyelitis (EAE) model for?}. Candidate answers:",1,1,1,1,1,1,"Given the question {Which human disease is experimental autoimmune encephalomyelitis (EAE) model for?}, identify keywords, search for relevant information, list up to 5 candidate answers, rank them by confidence, and present an ordered list.",1,1,1,1,1,1,"Given the question {Which human disease is experimental autoimmune encephalomyelitis (EAE) model for?}, generate a related question that will help answer the question more accurately. Answer the generated question and use it to list up to 5 candidate answers that are most likely to be correct, ordered by decreasing confidence.",1,1,1,1,1,1
What is the role of fucokinase?,['The convertion of L-fucose to fucose-1-phosphate.'],"Answer the following factoid question and provide up to 5 candidates, ordered by decreasing confidence. Question: {What is the role of fucokinase?}. Candidate answers:",0,0,1,1,0,1,"Given the question {What is the role of fucokinase?}, identify keywords, search for relevant information, list up to 5 candidate answers, rank them by confidence, and present an ordered list.",1,1,2,1,0,0,"Given the question {What is the role of fucokinase?}, generate a related question that will help answer the question more accurately. Answer the generated question and use it to list up to 5 candidate answers that are most likely to be correct, ordered by decreasing confidence.",0,0,1,1,0,3
What is the function of Plasminogen activator inhibitor 1?,['PAI-1 is important in fibrinolysis.'],"Answer the following factoid question and provide up to 5 candidates, ordered by decreasing confidence. Question: {What is the function of Plasminogen activator inhibitor 1?}. Candidate answers:",1,1,1,1,1,1,"Given the question {What is the function of Plasminogen activator inhibitor 1?}, identify keywords, search for relevant information, list up to 5 candidate answers, rank them by confidence, and present an ordered list.",1,1,1,1,1,1,"Given the question {What is the function of Plasminogen activator inhibitor 1?}, generate a related question that will help answer the question more accurately. Answer the generated question and use it to list up to 5 candidate answers that are most likely to be correct, ordered by decreasing confidence.",1,1,1,1,1,1
Which technique is used for detection of EWS/FLI1 fusion transcripts?,['Reverse transcription - polymerase chain reaction (RT-PCR)'],"Answer the following factoid question and provide up to 5 candidates, ordered by decreasing confidence. Question: {Which technique is used for detection of EWS/FLI1 fusion transcripts?}. Candidate answers:",1,1,1,1,1,1,"Given the question {Which technique is used for detection of EWS/FLI1 fusion transcripts?}, identify keywords, search for relevant information, list up to 5 candidate answers, rank them by confidence, and present an ordered list.",1,1,1,1,1,1,"Given the question {Which technique is used for detection of EWS/FLI1 fusion transcripts?}, generate a related question that will help answer the question more accurately. Answer the generated question and use it to list up to 5 candidate answers that are most likely to be correct, ordered by decreasing confidence.",1,1,1,1,1,1
RTS S AS01 vaccine was developed to prevent which disease?,['malaria'],"Answer the following factoid question and provide up to 5 candidates, ordered by decreasing confidence. Question: {RTS S AS01 vaccine was developed to prevent which disease?}. Candidate answers:",1,1,1,1,1,1,"Given the question {RTS S AS01 vaccine was developed to prevent which disease?}, identify keywords, search for relevant information, list up to 5 candidate answers, rank them by confidence, and present an ordered list.",1,1,1,1,1,1,"Given the question {RTS S AS01 vaccine was developed to prevent which disease?}, generate a related question that will help answer the question more accurately. Answer the generated question and use it to list up to 5 candidate answers that are most likely to be correct, ordered by decreasing confidence.",1,1,1,1,1,1
What is the ubiquitin proteome?,['The ubiquitin proteome is the entire set ubiquitinated proteins and of their respective ubiquitination sites.'],"Answer the following factoid question and provide up to 5 candidates, ordered by decreasing confidence. Question: {What is the ubiquitin proteome?}. Candidate answers:",1,1,1,1,1,1,"Given the question {What is the ubiquitin proteome?}, identify keywords, search for relevant information, list up to 5 candidate answers, rank them by confidence, and present an ordered list.",1,1,1,1,1,1,"Given the question {What is the ubiquitin proteome?}, generate a related question that will help answer the question more accurately. Answer the generated question and use it to list up to 5 candidate answers that are most likely to be correct, ordered by decreasing confidence.",1,1,1,1,1,1
What is the role of IL-18BP?,['IL-18 binding protein (IL-18BP) is a natural inhibitor of IL-18. The balance between IL-18 and IL-18BP has an important role in the inflammatory setting.'],"Answer the following factoid question and provide up to 5 candidates, ordered by decreasing confidence. Question: {What is the role of IL-18BP?}. Candidate answers:",1,1,2,1,1,1,"Given the question {What is the role of IL-18BP?}, identify keywords, search for relevant information, list up to 5 candidate answers, rank them by confidence, and present an ordered list.",1,1,1,1,1,1,"Given the question {What is the role of IL-18BP?}, generate a related question that will help answer the question more accurately. Answer the generated question and use it to list up to 5 candidate answers that are most likely to be correct, ordered by decreasing confidence.",1,1,1,1,1,1
"What protein complex is altered in ""Coffin-Siris syndrome""?",['SWI/SNF complex'],"Answer the following factoid question and provide up to 5 candidates, ordered by decreasing confidence. Question: {What protein complex is altered in ""Coffin-Siris syndrome""?}. Candidate answers:",1,2,1,2,0,2,"Given the question {What protein complex is altered in ""Coffin-Siris syndrome""?}, identify keywords, search for relevant information, list up to 5 candidate answers, rank them by confidence, and present an ordered list.",0,2,2,1,2,2,"Given the question {What protein complex is altered in ""Coffin-Siris syndrome""?}, generate a related question that will help answer the question more accurately. Answer the generated question and use it to list up to 5 candidate answers that are most likely to be correct, ordered by decreasing confidence.",1,1,2,1,0,2
Which is the main regulatory molecule of SERCA2A function in the cardiac muscle?,"['Phospholamban', 'PLN', 'plb']","Answer the following factoid question and provide up to 5 candidates, ordered by decreasing confidence. Question: {Which is the main regulatory molecule of SERCA2A function in the cardiac muscle?}. Candidate answers:",1,4,1,1,1,1,"Given the question {Which is the main regulatory molecule of SERCA2A function in the cardiac muscle?}, identify keywords, search for relevant information, list up to 5 candidate answers, rank them by confidence, and present an ordered list.",1,1,1,1,1,1,"Given the question {Which is the main regulatory molecule of SERCA2A function in the cardiac muscle?}, generate a related question that will help answer the question more accurately. Answer the generated question and use it to list up to 5 candidate answers that are most likely to be correct, ordered by decreasing confidence.",1,1,1,1,1,1
When is DELE1 exiting the mitochondrion?,['Upon stress'],"Answer the following factoid question and provide up to 5 candidates, ordered by decreasing confidence. Question: {When is DELE1 exiting the mitochondrion?}. Candidate answers:",2,1,1,1,0,0,"Given the question {When is DELE1 exiting the mitochondrion?}, identify keywords, search for relevant information, list up to 5 candidate answers, rank them by confidence, and present an ordered list.",1,1,1,1,0,5,"Given the question {When is DELE1 exiting the mitochondrion?}, generate a related question that will help answer the question more accurately. Answer the generated question and use it to list up to 5 candidate answers that are most likely to be correct, ordered by decreasing confidence.",1,1,1,1,0,0
Which company produces ORMD-0801?,['Oramed Pharmaceuticals'],"Answer the following factoid question and provide up to 5 candidates, ordered by decreasing confidence. Question: {Which company produces ORMD-0801?}. Candidate answers:",1,1,1,1,1,1,"Given the question {Which company produces ORMD-0801?}, identify keywords, search for relevant information, list up to 5 candidate answers, rank them by confidence, and present an ordered list.",1,1,1,1,1,1,"Given the question {Which company produces ORMD-0801?}, generate a related question that will help answer the question more accurately. Answer the generated question and use it to list up to 5 candidate answers that are most likely to be correct, ordered by decreasing confidence.",1,1,1,1,1,1
What is the major sequence determinant for nucleosome positioning?,"['G+C content', 'GC%']","Answer the following factoid question and provide up to 5 candidates, ordered by decreasing confidence. Question: {What is the major sequence determinant for nucleosome positioning?}. Candidate answers:",0,0,0,4,0,2,"Given the question {What is the major sequence determinant for nucleosome positioning?}, identify keywords, search for relevant information, list up to 5 candidate answers, rank them by confidence, and present an ordered list.",0,0,0,0,0,0,"Given the question {What is the major sequence determinant for nucleosome positioning?}, generate a related question that will help answer the question more accurately. Answer the generated question and use it to list up to 5 candidate answers that are most likely to be correct, ordered by decreasing confidence.",0,0,5,3,1,2
What rare disease is associated with a mutation in the GPC6 gene on chromosome 13?,['omodysplasia'],"Answer the following factoid question and provide up to 5 candidates, ordered by decreasing confidence. Question: {What rare disease is associated with a mutation in the GPC6 gene on chromosome 13?}. Candidate answers:",0,1,1,1,0,0,"Given the question {What rare disease is associated with a mutation in the GPC6 gene on chromosome 13?}, identify keywords, search for relevant information, list up to 5 candidate answers, rank them by confidence, and present an ordered list.",1,0,1,1,1,1,"Given the question {What rare disease is associated with a mutation in the GPC6 gene on chromosome 13?}, generate a related question that will help answer the question more accurately. Answer the generated question and use it to list up to 5 candidate answers that are most likely to be correct, ordered by decreasing confidence.",1,1,1,1,1,1
What is the target of galcanezumab?,['calcitonin gene-related peptide'],"Answer the following factoid question and provide up to 5 candidates, ordered by decreasing confidence. Question: {What is the target of galcanezumab?}. Candidate answers:",1,1,1,1,1,1,"Given the question {What is the target of galcanezumab?}, identify keywords, search for relevant information, list up to 5 candidate answers, rank them by confidence, and present an ordered list.",1,1,1,1,1,1,"Given the question {What is the target of galcanezumab?}, generate a related question that will help answer the question more accurately. Answer the generated question and use it to list up to 5 candidate answers that are most likely to be correct, ordered by decreasing confidence.",1,1,1,1,1,1
Which is the main cause of the Patau syndrome?,['Trisome 13'],"Answer the following factoid question and provide up to 5 candidates, ordered by decreasing confidence. Question: {Which is the main cause of the Patau syndrome?}. Candidate answers:",1,1,1,1,1,1,"Given the question {Which is the main cause of the Patau syndrome?}, identify keywords, search for relevant information, list up to 5 candidate answers, rank them by confidence, and present an ordered list.",1,1,1,1,1,1,"Given the question {Which is the main cause of the Patau syndrome?}, generate a related question that will help answer the question more accurately. Answer the generated question and use it to list up to 5 candidate answers that are most likely to be correct, ordered by decreasing confidence.",1,1,1,1,1,1
What is the incidence of new cases of X-linked adrenoleukodystrophy (ALD) in Australian and New Zealand in the late 1990's?,"['1.6 per 100,000 people']","Answer the following factoid question and provide up to 5 candidates, ordered by decreasing confidence. Question: {What is the incidence of new cases of X-linked adrenoleukodystrophy (ALD) in Australian and New Zealand in the late 1990's?}. Candidate answers:",1,1,0,0,0,0,"Given the question {What is the incidence of new cases of X-linked adrenoleukodystrophy (ALD) in Australian and New Zealand in the late 1990's?}, identify keywords, search for relevant information, list up to 5 candidate answers, rank them by confidence, and present an ordered list.",1,1,0,0,0,0,"Given the question {What is the incidence of new cases of X-linked adrenoleukodystrophy (ALD) in Australian and New Zealand in the late 1990's?}, generate a related question that will help answer the question more accurately. Answer the generated question and use it to list up to 5 candidate answers that are most likely to be correct, ordered by decreasing confidence.",1,1,0,0,0,0
Which syndrome is caused by deletion of Pds5b in mice?,['Cornelia de Lange syndrome.'],"Answer the following factoid question and provide up to 5 candidates, ordered by decreasing confidence. Question: {Which syndrome is caused by deletion of Pds5b in mice?}. Candidate answers:",0,0,1,1,1,1,"Given the question {Which syndrome is caused by deletion of Pds5b in mice?}, identify keywords, search for relevant information, list up to 5 candidate answers, rank them by confidence, and present an ordered list.",3,0,1,1,1,1,"Given the question {Which syndrome is caused by deletion of Pds5b in mice?}, generate a related question that will help answer the question more accurately. Answer the generated question and use it to list up to 5 candidate answers that are most likely to be correct, ordered by decreasing confidence.",0,0,1,1,1,1
How many genes outside of the MHC locus have been genetically associated to Rheumatoid Arthritis through GWAS?,['more than 30'],"Answer the following factoid question and provide up to 5 candidates, ordered by decreasing confidence. Question: {How many genes outside of the MHC locus have been genetically associated to Rheumatoid Arthritis through GWAS?}. Candidate answers:",1,1,0,0,0,0,"Given the question {How many genes outside of the MHC locus have been genetically associated to Rheumatoid Arthritis through GWAS?}, identify keywords, search for relevant information, list up to 5 candidate answers, rank them by confidence, and present an ordered list.",1,1,0,3,2,2,"Given the question {How many genes outside of the MHC locus have been genetically associated to Rheumatoid Arthritis through GWAS?}, generate a related question that will help answer the question more accurately. Answer the generated question and use it to list up to 5 candidate answers that are most likely to be correct, ordered by decreasing confidence.",1,1,4,3,0,0
What pathological condition is MK-1602 used for?,['acute treatment of migraine'],"Answer the following factoid question and provide up to 5 candidates, ordered by decreasing confidence. Question: {What pathological condition is MK-1602 used for?}. Candidate answers:",0,0,1,1,0,0,"Given the question {What pathological condition is MK-1602 used for?}, identify keywords, search for relevant information, list up to 5 candidate answers, rank them by confidence, and present an ordered list.",1,1,1,1,0,0,"Given the question {What pathological condition is MK-1602 used for?}, generate a related question that will help answer the question more accurately. Answer the generated question and use it to list up to 5 candidate answers that are most likely to be correct, ordered by decreasing confidence.",0,0,1,1,0,0
What is the indication for Mirabegron?,['OverActive Bladder syndrome'],"Answer the following factoid question and provide up to 5 candidates, ordered by decreasing confidence. Question: {What is the indication for Mirabegron?}. Candidate answers:",1,1,1,1,1,1,"Given the question {What is the indication for Mirabegron?}, identify keywords, search for relevant information, list up to 5 candidate answers, rank them by confidence, and present an ordered list.",1,1,1,1,1,1,"Given the question {What is the indication for Mirabegron?}, generate a related question that will help answer the question more accurately. Answer the generated question and use it to list up to 5 candidate answers that are most likely to be correct, ordered by decreasing confidence.",1,1,1,1,1,1
Mutation of which gene is implicated in the familial isolated pituitary adenoma?,['aryl hydrocarbon receptor interacting protein'],"Answer the following factoid question and provide up to 5 candidates, ordered by decreasing confidence. Question: {Mutation of which gene is implicated in the familial isolated pituitary adenoma?}. Candidate answers:",1,1,1,1,1,1,"Given the question {Mutation of which gene is implicated in the familial isolated pituitary adenoma?}, identify keywords, search for relevant information, list up to 5 candidate answers, rank them by confidence, and present an ordered list.",1,1,1,1,1,1,"Given the question {Mutation of which gene is implicated in the familial isolated pituitary adenoma?}, generate a related question that will help answer the question more accurately. Answer the generated question and use it to list up to 5 candidate answers that are most likely to be correct, ordered by decreasing confidence.",1,1,1,1,1,1
Which is the causative agent of malaria?,"['Plasmodium species', 'Plasmodium spp.']","Answer the following factoid question and provide up to 5 candidates, ordered by decreasing confidence. Question: {Which is the causative agent of malaria?}. Candidate answers:",1,1,1,1,1,1,"Given the question {Which is the causative agent of malaria?}, identify keywords, search for relevant information, list up to 5 candidate answers, rank them by confidence, and present an ordered list.",1,1,1,1,1,1,"Given the question {Which is the causative agent of malaria?}, generate a related question that will help answer the question more accurately. Answer the generated question and use it to list up to 5 candidate answers that are most likely to be correct, ordered by decreasing confidence.",1,1,1,1,1,1
What is the target of daratumumab?,['CD38'],"Answer the following factoid question and provide up to 5 candidates, ordered by decreasing confidence. Question: {What is the target of daratumumab?}. Candidate answers:",1,1,1,1,1,1,"Given the question {What is the target of daratumumab?}, identify keywords, search for relevant information, list up to 5 candidate answers, rank them by confidence, and present an ordered list.",1,1,1,1,1,1,"Given the question {What is the target of daratumumab?}, generate a related question that will help answer the question more accurately. Answer the generated question and use it to list up to 5 candidate answers that are most likely to be correct, ordered by decreasing confidence.",1,1,1,1,1,1
"What causes ""Puffy hand syndrome""?",['intravenous drug abuse'],"Answer the following factoid question and provide up to 5 candidates, ordered by decreasing confidence. Question: {What causes ""Puffy hand syndrome""?}. Candidate answers:",1,1,1,1,0,0,"Given the question {What causes ""Puffy hand syndrome""?}, identify keywords, search for relevant information, list up to 5 candidate answers, rank them by confidence, and present an ordered list.",1,1,1,1,0,0,"Given the question {What causes ""Puffy hand syndrome""?}, generate a related question that will help answer the question more accurately. Answer the generated question and use it to list up to 5 candidate answers that are most likely to be correct, ordered by decreasing confidence.",1,1,1,1,0,0
What is the indication for prophylactic use of antibiotics in COPD?,['Reduction of number of exacerbations'],"Answer the following factoid question and provide up to 5 candidates, ordered by decreasing confidence. Question: {What is the indication for prophylactic use of antibiotics in COPD?}. Candidate answers:",1,1,1,1,1,1,"Given the question {What is the indication for prophylactic use of antibiotics in COPD?}, identify keywords, search for relevant information, list up to 5 candidate answers, rank them by confidence, and present an ordered list.",1,1,1,1,1,1,"Given the question {What is the indication for prophylactic use of antibiotics in COPD?}, generate a related question that will help answer the question more accurately. Answer the generated question and use it to list up to 5 candidate answers that are most likely to be correct, ordered by decreasing confidence.",1,1,1,1,1,1
Mutations in which gene determine response to both erlotinib and gefitinib?,['epidermal growth factor receptor (EGFR) gene'],"Answer the following factoid question and provide up to 5 candidates, ordered by decreasing confidence. Question: {Mutations in which gene determine response to both erlotinib and gefitinib?}. Candidate answers:",1,1,1,1,1,1,"Given the question {Mutations in which gene determine response to both erlotinib and gefitinib?}, identify keywords, search for relevant information, list up to 5 candidate answers, rank them by confidence, and present an ordered list.",1,1,1,1,1,1,"Given the question {Mutations in which gene determine response to both erlotinib and gefitinib?}, generate a related question that will help answer the question more accurately. Answer the generated question and use it to list up to 5 candidate answers that are most likely to be correct, ordered by decreasing confidence.",1,1,1,1,1,1
Is APOBEC3B protein predominantly cytoplasmic or nuclear?,[' nuclear'],"Answer the following factoid question and provide up to 5 candidates, ordered by decreasing confidence. Question: {Is APOBEC3B protein predominantly cytoplasmic or nuclear?}. Candidate answers:",0,1,0,1,1,2,"Given the question {Is APOBEC3B protein predominantly cytoplasmic or nuclear?}, identify keywords, search for relevant information, list up to 5 candidate answers, rank them by confidence, and present an ordered list.",2,2,1,1,2,1,"Given the question {Is APOBEC3B protein predominantly cytoplasmic or nuclear?}, generate a related question that will help answer the question more accurately. Answer the generated question and use it to list up to 5 candidate answers that are most likely to be correct, ordered by decreasing confidence.",1,1,1,1,2,1
"On what chromosome is the gene for ""SILVER"" coat color found for the domestic cat?","['D2', 'chromosome D2']","Answer the following factoid question and provide up to 5 candidates, ordered by decreasing confidence. Question: {On what chromosome is the gene for ""SILVER"" coat color found for the domestic cat?}. Candidate answers:",1,1,0,0,0,0,"Given the question {On what chromosome is the gene for ""SILVER"" coat color found for the domestic cat?}, identify keywords, search for relevant information, list up to 5 candidate answers, rank them by confidence, and present an ordered list.",1,1,0,0,3,2,"Given the question {On what chromosome is the gene for ""SILVER"" coat color found for the domestic cat?}, generate a related question that will help answer the question more accurately. Answer the generated question and use it to list up to 5 candidate answers that are most likely to be correct, ordered by decreasing confidence.",1,1,0,0,0,0
What body parts are also known as phalanges?,"['bones of the digits, fingers or toes']","Answer the following factoid question and provide up to 5 candidates, ordered by decreasing confidence. Question: {What body parts are also known as phalanges?}. Candidate answers:",1,1,1,1,1,1,"Given the question {What body parts are also known as phalanges?}, identify keywords, search for relevant information, list up to 5 candidate answers, rank them by confidence, and present an ordered list.",1,1,1,1,1,1,"Given the question {What body parts are also known as phalanges?}, generate a related question that will help answer the question more accurately. Answer the generated question and use it to list up to 5 candidate answers that are most likely to be correct, ordered by decreasing confidence.",1,1,1,1,1,1
Which deficiency is the cause of restless leg syndrome?,['iron'],"Answer the following factoid question and provide up to 5 candidates, ordered by decreasing confidence. Question: {Which deficiency is the cause of restless leg syndrome?}. Candidate answers:",1,1,1,1,1,1,"Given the question {Which deficiency is the cause of restless leg syndrome?}, identify keywords, search for relevant information, list up to 5 candidate answers, rank them by confidence, and present an ordered list.",1,1,1,1,1,1,"Given the question {Which deficiency is the cause of restless leg syndrome?}, generate a related question that will help answer the question more accurately. Answer the generated question and use it to list up to 5 candidate answers that are most likely to be correct, ordered by decreasing confidence.",1,1,1,1,1,1
Which syndrome is NHE6 associated with?,['Christianson syndrome'],"Answer the following factoid question and provide up to 5 candidates, ordered by decreasing confidence. Question: {Which syndrome is NHE6 associated with?}. Candidate answers:",1,1,1,1,1,1,"Given the question {Which syndrome is NHE6 associated with?}, identify keywords, search for relevant information, list up to 5 candidate answers, rank them by confidence, and present an ordered list.",1,1,1,1,1,1,"Given the question {Which syndrome is NHE6 associated with?}, generate a related question that will help answer the question more accurately. Answer the generated question and use it to list up to 5 candidate answers that are most likely to be correct, ordered by decreasing confidence.",1,1,1,1,1,1
"What memory problems are reported in the "" Gulf war syndrome""",['memory loss'],"Answer the following factoid question and provide up to 5 candidates, ordered by decreasing confidence. Question: {What memory problems are reported in the "" Gulf war syndrome""}. Candidate answers:",2,2,1,1,1,1,"Given the question {What memory problems are reported in the "" Gulf war syndrome""}, identify keywords, search for relevant information, list up to 5 candidate answers, rank them by confidence, and present an ordered list.",1,1,1,1,1,1,"Given the question {What memory problems are reported in the "" Gulf war syndrome""}, generate a related question that will help answer the question more accurately. Answer the generated question and use it to list up to 5 candidate answers that are most likely to be correct, ordered by decreasing confidence.",1,1,1,1,1,1
What is Dravet syndrome?,['A severe epilepsy of chidhood'],"Answer the following factoid question and provide up to 5 candidates, ordered by decreasing confidence. Question: {What is Dravet syndrome?}. Candidate answers:",1,1,0,0,1,0,"Given the question {What is Dravet syndrome?}, identify keywords, search for relevant information, list up to 5 candidate answers, rank them by confidence, and present an ordered list.",1,1,4,1,1,1,"Given the question {What is Dravet syndrome?}, generate a related question that will help answer the question more accurately. Answer the generated question and use it to list up to 5 candidate answers that are most likely to be correct, ordered by decreasing confidence.",1,1,1,1,2,1
Which deiodinase is known to be present in liver?,"['Type 1 deiodinase', 'type 3 deiodinase']","Answer the following factoid question and provide up to 5 candidates, ordered by decreasing confidence. Question: {Which deiodinase is known to be present in liver?}. Candidate answers:",1,1,1,1,1,1,"Given the question {Which deiodinase is known to be present in liver?}, identify keywords, search for relevant information, list up to 5 candidate answers, rank them by confidence, and present an ordered list.",1,1,1,1,1,1,"Given the question {Which deiodinase is known to be present in liver?}, generate a related question that will help answer the question more accurately. Answer the generated question and use it to list up to 5 candidate answers that are most likely to be correct, ordered by decreasing confidence.",1,1,1,1,1,1
Which is the physiological target for LeuRS translational quality control?,['Norvaline'],"Answer the following factoid question and provide up to 5 candidates, ordered by decreasing confidence. Question: {Which is the physiological target for LeuRS translational quality control?}. Candidate answers:",1,1,0,0,0,0,"Given the question {Which is the physiological target for LeuRS translational quality control?}, identify keywords, search for relevant information, list up to 5 candidate answers, rank them by confidence, and present an ordered list.",1,1,0,0,0,0,"Given the question {Which is the physiological target for LeuRS translational quality control?}, generate a related question that will help answer the question more accurately. Answer the generated question and use it to list up to 5 candidate answers that are most likely to be correct, ordered by decreasing confidence.",2,1,0,0,0,0
What is the color of the protein Ranasmurfin?,['Blue'],"Answer the following factoid question and provide up to 5 candidates, ordered by decreasing confidence. Question: {What is the color of the protein Ranasmurfin?}. Candidate answers:",1,1,1,1,1,1,"Given the question {What is the color of the protein Ranasmurfin?}, identify keywords, search for relevant information, list up to 5 candidate answers, rank them by confidence, and present an ordered list.",1,1,1,1,1,1,"Given the question {What is the color of the protein Ranasmurfin?}, generate a related question that will help answer the question more accurately. Answer the generated question and use it to list up to 5 candidate answers that are most likely to be correct, ordered by decreasing confidence.",1,1,1,1,1,1
"What tyrosine kinase, involved in a Philadelphia- chromosome positive chronic myelogenous leukemia, is the target of Imatinib (Gleevec)?",['BCR-ABL'],"Answer the following factoid question and provide up to 5 candidates, ordered by decreasing confidence. Question: {What tyrosine kinase, involved in a Philadelphia- chromosome positive chronic myelogenous leukemia, is the target of Imatinib (Gleevec)?}. Candidate answers:",1,1,1,1,1,1,"Given the question {What tyrosine kinase, involved in a Philadelphia- chromosome positive chronic myelogenous leukemia, is the target of Imatinib (Gleevec)?}, identify keywords, search for relevant information, list up to 5 candidate answers, rank them by confidence, and present an ordered list.",1,1,1,1,1,1,"Given the question {What tyrosine kinase, involved in a Philadelphia- chromosome positive chronic myelogenous leukemia, is the target of Imatinib (Gleevec)?}, generate a related question that will help answer the question more accurately. Answer the generated question and use it to list up to 5 candidate answers that are most likely to be correct, ordered by decreasing confidence.",1,1,1,1,1,1
Which yeast genes encode for condensin?,['Smc2/4'],"Answer the following factoid question and provide up to 5 candidates, ordered by decreasing confidence. Question: {Which yeast genes encode for condensin?}. Candidate answers:",0,1,1,1,1,1,"Given the question {Which yeast genes encode for condensin?}, identify keywords, search for relevant information, list up to 5 candidate answers, rank them by confidence, and present an ordered list.",2,1,1,1,1,1,"Given the question {Which yeast genes encode for condensin?}, generate a related question that will help answer the question more accurately. Answer the generated question and use it to list up to 5 candidate answers that are most likely to be correct, ordered by decreasing confidence.",0,0,1,1,1,1
Cemiplimab is used for treatment of which cancer?,['cutaneous squamous cell carcinoma'],"Answer the following factoid question and provide up to 5 candidates, ordered by decreasing confidence. Question: {Cemiplimab is used for treatment of which cancer?}. Candidate answers:",1,1,1,1,1,1,"Given the question {Cemiplimab is used for treatment of which cancer?}, identify keywords, search for relevant information, list up to 5 candidate answers, rank them by confidence, and present an ordered list.",1,1,1,1,1,1,"Given the question {Cemiplimab is used for treatment of which cancer?}, generate a related question that will help answer the question more accurately. Answer the generated question and use it to list up to 5 candidate answers that are most likely to be correct, ordered by decreasing confidence.",1,1,1,1,1,1
Which cell secretes the enzyme tryptase?,['Mast cells'],"Answer the following factoid question and provide up to 5 candidates, ordered by decreasing confidence. Question: {Which cell secretes the enzyme tryptase?}. Candidate answers:",1,1,1,1,1,1,"Given the question {Which cell secretes the enzyme tryptase?}, identify keywords, search for relevant information, list up to 5 candidate answers, rank them by confidence, and present an ordered list.",1,1,1,1,1,1,"Given the question {Which cell secretes the enzyme tryptase?}, generate a related question that will help answer the question more accurately. Answer the generated question and use it to list up to 5 candidate answers that are most likely to be correct, ordered by decreasing confidence.",1,1,1,1,1,1
From which cell type is leptin secreted?,['adipocytes'],"Answer the following factoid question and provide up to 5 candidates, ordered by decreasing confidence. Question: {From which cell type is leptin secreted?}. Candidate answers:",1,1,1,1,1,1,"Given the question {From which cell type is leptin secreted?}, identify keywords, search for relevant information, list up to 5 candidate answers, rank them by confidence, and present an ordered list.",1,1,1,1,1,1,"Given the question {From which cell type is leptin secreted?}, generate a related question that will help answer the question more accurately. Answer the generated question and use it to list up to 5 candidate answers that are most likely to be correct, ordered by decreasing confidence.",1,1,1,1,1,1
Where is the protein protamine 2 expressed?,['sperm cells'],"Answer the following factoid question and provide up to 5 candidates, ordered by decreasing confidence. Question: {Where is the protein protamine 2 expressed?}. Candidate answers:",1,1,1,1,1,1,"Given the question {Where is the protein protamine 2 expressed?}, identify keywords, search for relevant information, list up to 5 candidate answers, rank them by confidence, and present an ordered list.",1,1,1,1,1,1,"Given the question {Where is the protein protamine 2 expressed?}, generate a related question that will help answer the question more accurately. Answer the generated question and use it to list up to 5 candidate answers that are most likely to be correct, ordered by decreasing confidence.",1,1,1,1,1,1
Which drug is the first oral ghrelin receptor inverse agonist to be profiled in healthy subjects?,['PF-05190457'],"Answer the following factoid question and provide up to 5 candidates, ordered by decreasing confidence. Question: {Which drug is the first oral ghrelin receptor inverse agonist to be profiled in healthy subjects?}. Candidate answers:",1,1,1,1,3,0,"Given the question {Which drug is the first oral ghrelin receptor inverse agonist to be profiled in healthy subjects?}, identify keywords, search for relevant information, list up to 5 candidate answers, rank them by confidence, and present an ordered list.",1,1,1,1,3,3,"Given the question {Which drug is the first oral ghrelin receptor inverse agonist to be profiled in healthy subjects?}, generate a related question that will help answer the question more accurately. Answer the generated question and use it to list up to 5 candidate answers that are most likely to be correct, ordered by decreasing confidence.",1,1,1,1,0,0
What is the gene frequently mutated in Multiple endocrine neoplasia 2 (MEN2) and Hisrchsprung disease?,['Ret'],"Answer the following factoid question and provide up to 5 candidates, ordered by decreasing confidence. Question: {What is the gene frequently mutated in Multiple endocrine neoplasia 2 (MEN2) and Hisrchsprung disease?}. Candidate answers:",1,1,1,1,1,1,"Given the question {What is the gene frequently mutated in Multiple endocrine neoplasia 2 (MEN2) and Hisrchsprung disease?}, identify keywords, search for relevant information, list up to 5 candidate answers, rank them by confidence, and present an ordered list.",1,1,1,1,1,1,"Given the question {What is the gene frequently mutated in Multiple endocrine neoplasia 2 (MEN2) and Hisrchsprung disease?}, generate a related question that will help answer the question more accurately. Answer the generated question and use it to list up to 5 candidate answers that are most likely to be correct, ordered by decreasing confidence.",1,1,1,1,1,1
Which tool employs self organizing maps for analyzing synonymous codon usage?,['INCA'],"Answer the following factoid question and provide up to 5 candidates, ordered by decreasing confidence. Question: {Which tool employs self organizing maps for analyzing synonymous codon usage?}. Candidate answers:",1,1,0,0,0,0,"Given the question {Which tool employs self organizing maps for analyzing synonymous codon usage?}, identify keywords, search for relevant information, list up to 5 candidate answers, rank them by confidence, and present an ordered list.",1,1,0,0,0,0,"Given the question {Which tool employs self organizing maps for analyzing synonymous codon usage?}, generate a related question that will help answer the question more accurately. Answer the generated question and use it to list up to 5 candidate answers that are most likely to be correct, ordered by decreasing confidence.",1,1,0,0,0,0
