sentence1,sentence2,"gold_label (0 for neutral, 1 for entailment, 2 for contradiction)",standard_prompting_input,BARD_0_SP_pred,BARD_5_SP_pred,GPT4_0_SP_pred,GPT4_5_SP_pred,GPT3.5_0_SP_pred,GPT3.5_5_SP_pred,CoT_prompting_input,BARD_0_CoTP_pred,BARD_5_CoTP_pred,GPT4_0_CoTP_pred,GPT4_5_CoTP_pred,GPT3.5_0_CoTP_pred,GPT3.5_5_CoTP_pred,SQ_prompting_input,BARD_0_SQP_pred,BARD_5_SQP_pred,GPT4_0_SQP_pred,GPT4_5_SQP_pred,GPT3.5_0_SQP_pred,GPT3.5_5_SQP_pred
Pt saw PCP next day and atenolol was stopped but no further w/u done (ie scans/xray) for fall on [** Location **]us day., The patient is kept on a beta blocker. ,2,"Assess the relationship between the following sentences: {Pt saw PCP next day and atenolol was stopped but no further w/u done (ie scans/xray) for fall on [** Location **]us day.} and { The patient is kept on a beta blocker. }. Is the second statement entailed by, in contradiction with, or neutral to the first statement? The answer is {}.",1,0,2,2,2,0,"Identify the key ideas in {Pt saw PCP next day and atenolol was stopped but no further w/u done (ie scans/xray) for fall on [** Location **]us day.} and { The patient is kept on a beta blocker. }, and systematically evaluate their relationship. Categorize it as entailment if { The patient is kept on a beta blocker. } logically follows {Pt saw PCP next day and atenolol was stopped but no further w/u done (ie scans/xray) for fall on [** Location **]us day.}, contradiction if they oppose each other, or neutrality if unrelated. The answer is {}.",0,2,2,2,2,2,"Given a pair of clinical sentences {Pt saw PCP next day and atenolol was stopped but no further w/u done (ie scans/xray) for fall on [** Location **]us day.} and { The patient is kept on a beta blocker. }, generate questions about the medical situations described. Answer these questions using basic medical knowledge and use the insights to evaluate their relationship. Categorize the relationship between {Pt saw PCP next day and atenolol was stopped but no further w/u done (ie scans/xray) for fall on [** Location **]us day.} and { The patient is kept on a beta blocker. } as entailment if { The patient is kept on a beta blocker. } logically follows {Pt saw PCP next day and atenolol was stopped but no further w/u done (ie scans/xray) for fall on [** Location **]us day.}, contradiction if they oppose each other, or neutrality if unrelated. The answer is {}.",2,2,2,2,2,2
The patient also reports continued fever and an unusual amount of fatigue., The patient has been feeling ill,1,"Assess the relationship between the following sentences: {The patient also reports continued fever and an unusual amount of fatigue.} and { The patient has been feeling ill}. Is the second statement entailed by, in contradiction with, or neutral to the first statement? The answer is {}.",1,1,1,1,0,1,"Identify the key ideas in {The patient also reports continued fever and an unusual amount of fatigue.} and { The patient has been feeling ill}, and systematically evaluate their relationship. Categorize it as entailment if { The patient has been feeling ill} logically follows {The patient also reports continued fever and an unusual amount of fatigue.}, contradiction if they oppose each other, or neutrality if unrelated. The answer is {}.",1,1,1,1,1,1,"Given a pair of clinical sentences {The patient also reports continued fever and an unusual amount of fatigue.} and { The patient has been feeling ill}, generate questions about the medical situations described. Answer these questions using basic medical knowledge and use the insights to evaluate their relationship. Categorize the relationship between {The patient also reports continued fever and an unusual amount of fatigue.} and { The patient has been feeling ill} as entailment if { The patient has been feeling ill} logically follows {The patient also reports continued fever and an unusual amount of fatigue.}, contradiction if they oppose each other, or neutrality if unrelated. The answer is {}.",1,1,1,1,1,1
He was transferred to [**Hospital1 22**] for further management.,The patient was treated at a different hospital.,1,"Assess the relationship between the following sentences: {He was transferred to [**Hospital1 22**] for further management.} and {The patient was treated at a different hospital.}. Is the second statement entailed by, in contradiction with, or neutral to the first statement? The answer is {}.",0,2,1,1,0,2,"Identify the key ideas in {He was transferred to [**Hospital1 22**] for further management.} and {The patient was treated at a different hospital.}, and systematically evaluate their relationship. Categorize it as entailment if {The patient was treated at a different hospital.} logically follows {He was transferred to [**Hospital1 22**] for further management.}, contradiction if they oppose each other, or neutrality if unrelated. The answer is {}.",1,0,1,1,1,1,"Given a pair of clinical sentences {He was transferred to [**Hospital1 22**] for further management.} and {The patient was treated at a different hospital.}, generate questions about the medical situations described. Answer these questions using basic medical knowledge and use the insights to evaluate their relationship. Categorize the relationship between {He was transferred to [**Hospital1 22**] for further management.} and {The patient was treated at a different hospital.} as entailment if {The patient was treated at a different hospital.} logically follows {He was transferred to [**Hospital1 22**] for further management.}, contradiction if they oppose each other, or neutrality if unrelated. The answer is {}.",0,1,1,1,1,1
He was readmitted [**Date range (3) 29336**] for right sided chest pain and hypotension worse than baseline., the patient denies chest pain,2,"Assess the relationship between the following sentences: {He was readmitted [**Date range (3) 29336**] for right sided chest pain and hypotension worse than baseline.} and { the patient denies chest pain}. Is the second statement entailed by, in contradiction with, or neutral to the first statement? The answer is {}.",2,2,2,2,2,2,"Identify the key ideas in {He was readmitted [**Date range (3) 29336**] for right sided chest pain and hypotension worse than baseline.} and { the patient denies chest pain}, and systematically evaluate their relationship. Categorize it as entailment if { the patient denies chest pain} logically follows {He was readmitted [**Date range (3) 29336**] for right sided chest pain and hypotension worse than baseline.}, contradiction if they oppose each other, or neutrality if unrelated. The answer is {}.",2,2,2,2,2,2,"Given a pair of clinical sentences {He was readmitted [**Date range (3) 29336**] for right sided chest pain and hypotension worse than baseline.} and { the patient denies chest pain}, generate questions about the medical situations described. Answer these questions using basic medical knowledge and use the insights to evaluate their relationship. Categorize the relationship between {He was readmitted [**Date range (3) 29336**] for right sided chest pain and hypotension worse than baseline.} and { the patient denies chest pain} as entailment if { the patient denies chest pain} logically follows {He was readmitted [**Date range (3) 29336**] for right sided chest pain and hypotension worse than baseline.}, contradiction if they oppose each other, or neutrality if unrelated. The answer is {}.",2,2,2,2,2,2
Congestive heart failure., Patient has no PMH,2,"Assess the relationship between the following sentences: {Congestive heart failure.} and { Patient has no PMH}. Is the second statement entailed by, in contradiction with, or neutral to the first statement? The answer is {}.",2,0,2,2,2,2,"Identify the key ideas in {Congestive heart failure.} and { Patient has no PMH}, and systematically evaluate their relationship. Categorize it as entailment if { Patient has no PMH} logically follows {Congestive heart failure.}, contradiction if they oppose each other, or neutrality if unrelated. The answer is {}.",1,0,2,2,2,0,"Given a pair of clinical sentences {Congestive heart failure.} and { Patient has no PMH}, generate questions about the medical situations described. Answer these questions using basic medical knowledge and use the insights to evaluate their relationship. Categorize the relationship between {Congestive heart failure.} and { Patient has no PMH} as entailment if { Patient has no PMH} logically follows {Congestive heart failure.}, contradiction if they oppose each other, or neutrality if unrelated. The answer is {}.",2,2,2,2,2,2
"In the ED, initial VS revealed T 98.9, HR 73, BP 121/90, RR 15, O2 sat 98% on RA.", The patient is hemodynamically stable ,1,"Assess the relationship between the following sentences: {In the ED, initial VS revealed T 98.9, HR 73, BP 121/90, RR 15, O2 sat 98% on RA.} and { The patient is hemodynamically stable }. Is the second statement entailed by, in contradiction with, or neutral to the first statement? The answer is {}.",1,1,1,1,1,1,"Identify the key ideas in {In the ED, initial VS revealed T 98.9, HR 73, BP 121/90, RR 15, O2 sat 98% on RA.} and { The patient is hemodynamically stable }, and systematically evaluate their relationship. Categorize it as entailment if { The patient is hemodynamically stable } logically follows {In the ED, initial VS revealed T 98.9, HR 73, BP 121/90, RR 15, O2 sat 98% on RA.}, contradiction if they oppose each other, or neutrality if unrelated. The answer is {}.",0,1,1,1,1,1,"Given a pair of clinical sentences {In the ED, initial VS revealed T 98.9, HR 73, BP 121/90, RR 15, O2 sat 98% on RA.} and { The patient is hemodynamically stable }, generate questions about the medical situations described. Answer these questions using basic medical knowledge and use the insights to evaluate their relationship. Categorize the relationship between {In the ED, initial VS revealed T 98.9, HR 73, BP 121/90, RR 15, O2 sat 98% on RA.} and { The patient is hemodynamically stable } as entailment if { The patient is hemodynamically stable } logically follows {In the ED, initial VS revealed T 98.9, HR 73, BP 121/90, RR 15, O2 sat 98% on RA.}, contradiction if they oppose each other, or neutrality if unrelated. The answer is {}.",0,1,1,1,1,1
"(Baseline 1.1), BNP [**Numeric Identifier 23983**] and elevated trop .44(in the setting of new afib and ARF).", The patient has normal caridac labs.,2,"Assess the relationship between the following sentences: {(Baseline 1.1), BNP [**Numeric Identifier 23983**] and elevated trop .44(in the setting of new afib and ARF).} and { The patient has normal caridac labs.}. Is the second statement entailed by, in contradiction with, or neutral to the first statement? The answer is {}.",2,0,2,2,2,2,"Identify the key ideas in {(Baseline 1.1), BNP [**Numeric Identifier 23983**] and elevated trop .44(in the setting of new afib and ARF).} and { The patient has normal caridac labs.}, and systematically evaluate their relationship. Categorize it as entailment if { The patient has normal caridac labs.} logically follows {(Baseline 1.1), BNP [**Numeric Identifier 23983**] and elevated trop .44(in the setting of new afib and ARF).}, contradiction if they oppose each other, or neutrality if unrelated. The answer is {}.",2,2,2,2,2,2,"Given a pair of clinical sentences {(Baseline 1.1), BNP [**Numeric Identifier 23983**] and elevated trop .44(in the setting of new afib and ARF).} and { The patient has normal caridac labs.}, generate questions about the medical situations described. Answer these questions using basic medical knowledge and use the insights to evaluate their relationship. Categorize the relationship between {(Baseline 1.1), BNP [**Numeric Identifier 23983**] and elevated trop .44(in the setting of new afib and ARF).} and { The patient has normal caridac labs.} as entailment if { The patient has normal caridac labs.} logically follows {(Baseline 1.1), BNP [**Numeric Identifier 23983**] and elevated trop .44(in the setting of new afib and ARF).}, contradiction if they oppose each other, or neutrality if unrelated. The answer is {}.",2,2,2,2,2,2
"Denies fever, chills, chest pain, diarrhea.", The patient does not have symptoms of an infection. ,0,"Assess the relationship between the following sentences: {Denies fever, chills, chest pain, diarrhea.} and { The patient does not have symptoms of an infection. }. Is the second statement entailed by, in contradiction with, or neutral to the first statement? The answer is {}.",1,1,0,1,1,1,"Identify the key ideas in {Denies fever, chills, chest pain, diarrhea.} and { The patient does not have symptoms of an infection. }, and systematically evaluate their relationship. Categorize it as entailment if { The patient does not have symptoms of an infection. } logically follows {Denies fever, chills, chest pain, diarrhea.}, contradiction if they oppose each other, or neutrality if unrelated. The answer is {}.",0,0,1,1,1,1,"Given a pair of clinical sentences {Denies fever, chills, chest pain, diarrhea.} and { The patient does not have symptoms of an infection. }, generate questions about the medical situations described. Answer these questions using basic medical knowledge and use the insights to evaluate their relationship. Categorize the relationship between {Denies fever, chills, chest pain, diarrhea.} and { The patient does not have symptoms of an infection. } as entailment if { The patient does not have symptoms of an infection. } logically follows {Denies fever, chills, chest pain, diarrhea.}, contradiction if they oppose each other, or neutrality if unrelated. The answer is {}.",0,0,1,1,1,0
Likely bronchogenic CA as above., The patient has widespread metastatic disease.,0,"Assess the relationship between the following sentences: {Likely bronchogenic CA as above.} and { The patient has widespread metastatic disease.}. Is the second statement entailed by, in contradiction with, or neutral to the first statement? The answer is {}.",1,1,0,0,1,2,"Identify the key ideas in {Likely bronchogenic CA as above.} and { The patient has widespread metastatic disease.}, and systematically evaluate their relationship. Categorize it as entailment if { The patient has widespread metastatic disease.} logically follows {Likely bronchogenic CA as above.}, contradiction if they oppose each other, or neutrality if unrelated. The answer is {}.",1,0,0,0,1,1,"Given a pair of clinical sentences {Likely bronchogenic CA as above.} and { The patient has widespread metastatic disease.}, generate questions about the medical situations described. Answer these questions using basic medical knowledge and use the insights to evaluate their relationship. Categorize the relationship between {Likely bronchogenic CA as above.} and { The patient has widespread metastatic disease.} as entailment if { The patient has widespread metastatic disease.} logically follows {Likely bronchogenic CA as above.}, contradiction if they oppose each other, or neutrality if unrelated. The answer is {}.",1,1,0,0,1,1
Alzheimer's dementia 3., the patient lives in a nursing home,0,"Assess the relationship between the following sentences: {Alzheimer's dementia 3.} and { the patient lives in a nursing home}. Is the second statement entailed by, in contradiction with, or neutral to the first statement? The answer is {}.",1,1,0,0,0,0,"Identify the key ideas in {Alzheimer's dementia 3.} and { the patient lives in a nursing home}, and systematically evaluate their relationship. Categorize it as entailment if { the patient lives in a nursing home} logically follows {Alzheimer's dementia 3.}, contradiction if they oppose each other, or neutrality if unrelated. The answer is {}.",1,0,0,0,1,0,"Given a pair of clinical sentences {Alzheimer's dementia 3.} and { the patient lives in a nursing home}, generate questions about the medical situations described. Answer these questions using basic medical knowledge and use the insights to evaluate their relationship. Categorize the relationship between {Alzheimer's dementia 3.} and { the patient lives in a nursing home} as entailment if { the patient lives in a nursing home} logically follows {Alzheimer's dementia 3.}, contradiction if they oppose each other, or neutrality if unrelated. The answer is {}.",1,1,0,1,1,0
He exercised for roughly three minutes and had diffuse ST-T wave abnormalities that were nondiagnostic due to left bundle branch block., He has EKG abnormalities,1,"Assess the relationship between the following sentences: {He exercised for roughly three minutes and had diffuse ST-T wave abnormalities that were nondiagnostic due to left bundle branch block.} and { He has EKG abnormalities}. Is the second statement entailed by, in contradiction with, or neutral to the first statement? The answer is {}.",1,1,1,1,1,1,"Identify the key ideas in {He exercised for roughly three minutes and had diffuse ST-T wave abnormalities that were nondiagnostic due to left bundle branch block.} and { He has EKG abnormalities}, and systematically evaluate their relationship. Categorize it as entailment if { He has EKG abnormalities} logically follows {He exercised for roughly three minutes and had diffuse ST-T wave abnormalities that were nondiagnostic due to left bundle branch block.}, contradiction if they oppose each other, or neutrality if unrelated. The answer is {}.",1,1,1,1,1,1,"Given a pair of clinical sentences {He exercised for roughly three minutes and had diffuse ST-T wave abnormalities that were nondiagnostic due to left bundle branch block.} and { He has EKG abnormalities}, generate questions about the medical situations described. Answer these questions using basic medical knowledge and use the insights to evaluate their relationship. Categorize the relationship between {He exercised for roughly three minutes and had diffuse ST-T wave abnormalities that were nondiagnostic due to left bundle branch block.} and { He has EKG abnormalities} as entailment if { He has EKG abnormalities} logically follows {He exercised for roughly three minutes and had diffuse ST-T wave abnormalities that were nondiagnostic due to left bundle branch block.}, contradiction if they oppose each other, or neutrality if unrelated. The answer is {}.",1,1,1,1,1,1
"Denied nausea, vomiting, diaphoresis, bowel movement changes.", Patient has negative exam,0,"Assess the relationship between the following sentences: {Denied nausea, vomiting, diaphoresis, bowel movement changes.} and { Patient has negative exam}. Is the second statement entailed by, in contradiction with, or neutral to the first statement? The answer is {}.",1,1,0,0,1,0,"Identify the key ideas in {Denied nausea, vomiting, diaphoresis, bowel movement changes.} and { Patient has negative exam}, and systematically evaluate their relationship. Categorize it as entailment if { Patient has negative exam} logically follows {Denied nausea, vomiting, diaphoresis, bowel movement changes.}, contradiction if they oppose each other, or neutrality if unrelated. The answer is {}.",0,0,1,0,1,1,"Given a pair of clinical sentences {Denied nausea, vomiting, diaphoresis, bowel movement changes.} and { Patient has negative exam}, generate questions about the medical situations described. Answer these questions using basic medical knowledge and use the insights to evaluate their relationship. Categorize the relationship between {Denied nausea, vomiting, diaphoresis, bowel movement changes.} and { Patient has negative exam} as entailment if { Patient has negative exam} logically follows {Denied nausea, vomiting, diaphoresis, bowel movement changes.}, contradiction if they oppose each other, or neutrality if unrelated. The answer is {}.",0,0,0,0,1,0
There was peripheral flexing in her lower extremities., There was bending of the joints in her legs ,1,"Assess the relationship between the following sentences: {There was peripheral flexing in her lower extremities.} and { There was bending of the joints in her legs }. Is the second statement entailed by, in contradiction with, or neutral to the first statement? The answer is {}.",1,1,1,1,0,1,"Identify the key ideas in {There was peripheral flexing in her lower extremities.} and { There was bending of the joints in her legs }, and systematically evaluate their relationship. Categorize it as entailment if { There was bending of the joints in her legs } logically follows {There was peripheral flexing in her lower extremities.}, contradiction if they oppose each other, or neutrality if unrelated. The answer is {}.",1,1,1,1,1,1,"Given a pair of clinical sentences {There was peripheral flexing in her lower extremities.} and { There was bending of the joints in her legs }, generate questions about the medical situations described. Answer these questions using basic medical knowledge and use the insights to evaluate their relationship. Categorize the relationship between {There was peripheral flexing in her lower extremities.} and { There was bending of the joints in her legs } as entailment if { There was bending of the joints in her legs } logically follows {There was peripheral flexing in her lower extremities.}, contradiction if they oppose each other, or neutrality if unrelated. The answer is {}.",1,1,1,1,1,1
"-biliary Atresia s/p liver [**Month/Year (2) **] at age 4 (25 years ago) -asthma, well-controlled -right hip avascular necrosis, per ortho may need THR -postinfectious glomerulonephritis s/p renal biopsy [**2629-8-4**] showed IgG dominent exudative proliferative GN, c/w postinfectious GN -nephrotic syndrome (4.1g proteinuria), hypoalbuminemia -small bowel resection", patient has a congenital syndrome,0,"Assess the relationship between the following sentences: {-biliary Atresia s/p liver [**Month/Year (2) **] at age 4 (25 years ago) -asthma, well-controlled -right hip avascular necrosis, per ortho may need THR -postinfectious glomerulonephritis s/p renal biopsy [**2629-8-4**] showed IgG dominent exudative proliferative GN, c/w postinfectious GN -nephrotic syndrome (4.1g proteinuria), hypoalbuminemia -small bowel resection} and { patient has a congenital syndrome}. Is the second statement entailed by, in contradiction with, or neutral to the first statement? The answer is {}.",1,1,0,0,2,2,"Identify the key ideas in {-biliary Atresia s/p liver [**Month/Year (2) **] at age 4 (25 years ago) -asthma, well-controlled -right hip avascular necrosis, per ortho may need THR -postinfectious glomerulonephritis s/p renal biopsy [**2629-8-4**] showed IgG dominent exudative proliferative GN, c/w postinfectious GN -nephrotic syndrome (4.1g proteinuria), hypoalbuminemia -small bowel resection} and { patient has a congenital syndrome}, and systematically evaluate their relationship. Categorize it as entailment if { patient has a congenital syndrome} logically follows {-biliary Atresia s/p liver [**Month/Year (2) **] at age 4 (25 years ago) -asthma, well-controlled -right hip avascular necrosis, per ortho may need THR -postinfectious glomerulonephritis s/p renal biopsy [**2629-8-4**] showed IgG dominent exudative proliferative GN, c/w postinfectious GN -nephrotic syndrome (4.1g proteinuria), hypoalbuminemia -small bowel resection}, contradiction if they oppose each other, or neutrality if unrelated. The answer is {}.",1,1,1,1,1,0,"Given a pair of clinical sentences {-biliary Atresia s/p liver [**Month/Year (2) **] at age 4 (25 years ago) -asthma, well-controlled -right hip avascular necrosis, per ortho may need THR -postinfectious glomerulonephritis s/p renal biopsy [**2629-8-4**] showed IgG dominent exudative proliferative GN, c/w postinfectious GN -nephrotic syndrome (4.1g proteinuria), hypoalbuminemia -small bowel resection} and { patient has a congenital syndrome}, generate questions about the medical situations described. Answer these questions using basic medical knowledge and use the insights to evaluate their relationship. Categorize the relationship between {-biliary Atresia s/p liver [**Month/Year (2) **] at age 4 (25 years ago) -asthma, well-controlled -right hip avascular necrosis, per ortho may need THR -postinfectious glomerulonephritis s/p renal biopsy [**2629-8-4**] showed IgG dominent exudative proliferative GN, c/w postinfectious GN -nephrotic syndrome (4.1g proteinuria), hypoalbuminemia -small bowel resection} and { patient has a congenital syndrome} as entailment if { patient has a congenital syndrome} logically follows {-biliary Atresia s/p liver [**Month/Year (2) **] at age 4 (25 years ago) -asthma, well-controlled -right hip avascular necrosis, per ortho may need THR -postinfectious glomerulonephritis s/p renal biopsy [**2629-8-4**] showed IgG dominent exudative proliferative GN, c/w postinfectious GN -nephrotic syndrome (4.1g proteinuria), hypoalbuminemia -small bowel resection}, contradiction if they oppose each other, or neutrality if unrelated. The answer is {}.",1,0,2,0,0,0
Pt intubated in the field., Pt was in respiratory failure,0,"Assess the relationship between the following sentences: {Pt intubated in the field.} and { Pt was in respiratory failure}. Is the second statement entailed by, in contradiction with, or neutral to the first statement? The answer is {}.",1,1,0,1,1,0,"Identify the key ideas in {Pt intubated in the field.} and { Pt was in respiratory failure}, and systematically evaluate their relationship. Categorize it as entailment if { Pt was in respiratory failure} logically follows {Pt intubated in the field.}, contradiction if they oppose each other, or neutrality if unrelated. The answer is {}.",1,1,1,1,1,1,"Given a pair of clinical sentences {Pt intubated in the field.} and { Pt was in respiratory failure}, generate questions about the medical situations described. Answer these questions using basic medical knowledge and use the insights to evaluate their relationship. Categorize the relationship between {Pt intubated in the field.} and { Pt was in respiratory failure} as entailment if { Pt was in respiratory failure} logically follows {Pt intubated in the field.}, contradiction if they oppose each other, or neutrality if unrelated. The answer is {}.",1,1,1,1,1,1
This resulted in near-cessation of bleeding., Patient presented with bleeding,1,"Assess the relationship between the following sentences: {This resulted in near-cessation of bleeding.} and { Patient presented with bleeding}. Is the second statement entailed by, in contradiction with, or neutral to the first statement? The answer is {}.",1,1,1,1,0,0,"Identify the key ideas in {This resulted in near-cessation of bleeding.} and { Patient presented with bleeding}, and systematically evaluate their relationship. Categorize it as entailment if { Patient presented with bleeding} logically follows {This resulted in near-cessation of bleeding.}, contradiction if they oppose each other, or neutrality if unrelated. The answer is {}.",1,1,1,1,1,1,"Given a pair of clinical sentences {This resulted in near-cessation of bleeding.} and { Patient presented with bleeding}, generate questions about the medical situations described. Answer these questions using basic medical knowledge and use the insights to evaluate their relationship. Categorize the relationship between {This resulted in near-cessation of bleeding.} and { Patient presented with bleeding} as entailment if { Patient presented with bleeding} logically follows {This resulted in near-cessation of bleeding.}, contradiction if they oppose each other, or neutrality if unrelated. The answer is {}.",1,1,1,1,1,1
No abdominal pain or diarrhea., the patient has diarrhea.,2,"Assess the relationship between the following sentences: {No abdominal pain or diarrhea.} and { the patient has diarrhea.}. Is the second statement entailed by, in contradiction with, or neutral to the first statement? The answer is {}.",2,2,2,2,2,2,"Identify the key ideas in {No abdominal pain or diarrhea.} and { the patient has diarrhea.}, and systematically evaluate their relationship. Categorize it as entailment if { the patient has diarrhea.} logically follows {No abdominal pain or diarrhea.}, contradiction if they oppose each other, or neutrality if unrelated. The answer is {}.",2,2,2,2,2,2,"Given a pair of clinical sentences {No abdominal pain or diarrhea.} and { the patient has diarrhea.}, generate questions about the medical situations described. Answer these questions using basic medical knowledge and use the insights to evaluate their relationship. Categorize the relationship between {No abdominal pain or diarrhea.} and { the patient has diarrhea.} as entailment if { the patient has diarrhea.} logically follows {No abdominal pain or diarrhea.}, contradiction if they oppose each other, or neutrality if unrelated. The answer is {}.",2,2,2,2,2,2
"He was restarted on lasix 40mg, with plans to have follow up labs drawn in 1 week.", He restarted on his diuretic ,1,"Assess the relationship between the following sentences: {He was restarted on lasix 40mg, with plans to have follow up labs drawn in 1 week.} and { He restarted on his diuretic }. Is the second statement entailed by, in contradiction with, or neutral to the first statement? The answer is {}.",1,1,1,1,1,1,"Identify the key ideas in {He was restarted on lasix 40mg, with plans to have follow up labs drawn in 1 week.} and { He restarted on his diuretic }, and systematically evaluate their relationship. Categorize it as entailment if { He restarted on his diuretic } logically follows {He was restarted on lasix 40mg, with plans to have follow up labs drawn in 1 week.}, contradiction if they oppose each other, or neutrality if unrelated. The answer is {}.",1,1,1,1,1,1,"Given a pair of clinical sentences {He was restarted on lasix 40mg, with plans to have follow up labs drawn in 1 week.} and { He restarted on his diuretic }, generate questions about the medical situations described. Answer these questions using basic medical knowledge and use the insights to evaluate their relationship. Categorize the relationship between {He was restarted on lasix 40mg, with plans to have follow up labs drawn in 1 week.} and { He restarted on his diuretic } as entailment if { He restarted on his diuretic } logically follows {He was restarted on lasix 40mg, with plans to have follow up labs drawn in 1 week.}, contradiction if they oppose each other, or neutrality if unrelated. The answer is {}.",1,1,1,1,1,1
He was then transferred to the Neonatal Intensive Care Unit for observation., the patient had an uneventful course,2,"Assess the relationship between the following sentences: {He was then transferred to the Neonatal Intensive Care Unit for observation.} and { the patient had an uneventful course}. Is the second statement entailed by, in contradiction with, or neutral to the first statement? The answer is {}.",1,1,0,0,0,0,"Identify the key ideas in {He was then transferred to the Neonatal Intensive Care Unit for observation.} and { the patient had an uneventful course}, and systematically evaluate their relationship. Categorize it as entailment if { the patient had an uneventful course} logically follows {He was then transferred to the Neonatal Intensive Care Unit for observation.}, contradiction if they oppose each other, or neutrality if unrelated. The answer is {}.",0,1,0,0,0,0,"Given a pair of clinical sentences {He was then transferred to the Neonatal Intensive Care Unit for observation.} and { the patient had an uneventful course}, generate questions about the medical situations described. Answer these questions using basic medical knowledge and use the insights to evaluate their relationship. Categorize the relationship between {He was then transferred to the Neonatal Intensive Care Unit for observation.} and { the patient had an uneventful course} as entailment if { the patient had an uneventful course} logically follows {He was then transferred to the Neonatal Intensive Care Unit for observation.}, contradiction if they oppose each other, or neutrality if unrelated. The answer is {}.",1,1,0,0,0,0
Patient was treated at an outside     hospital and it is unclear whether his upper GI bleed was     secondary to esophageal varices or peptic ulcer disease., Patient has no bleeding,2,"Assess the relationship between the following sentences: {Patient was treated at an outside     hospital and it is unclear whether his upper GI bleed was     secondary to esophageal varices or peptic ulcer disease.} and { Patient has no bleeding}. Is the second statement entailed by, in contradiction with, or neutral to the first statement? The answer is {}.",0,0,0,2,2,2,"Identify the key ideas in {Patient was treated at an outside     hospital and it is unclear whether his upper GI bleed was     secondary to esophageal varices or peptic ulcer disease.} and { Patient has no bleeding}, and systematically evaluate their relationship. Categorize it as entailment if { Patient has no bleeding} logically follows {Patient was treated at an outside     hospital and it is unclear whether his upper GI bleed was     secondary to esophageal varices or peptic ulcer disease.}, contradiction if they oppose each other, or neutrality if unrelated. The answer is {}.",0,2,2,2,2,2,"Given a pair of clinical sentences {Patient was treated at an outside     hospital and it is unclear whether his upper GI bleed was     secondary to esophageal varices or peptic ulcer disease.} and { Patient has no bleeding}, generate questions about the medical situations described. Answer these questions using basic medical knowledge and use the insights to evaluate their relationship. Categorize the relationship between {Patient was treated at an outside     hospital and it is unclear whether his upper GI bleed was     secondary to esophageal varices or peptic ulcer disease.} and { Patient has no bleeding} as entailment if { Patient has no bleeding} logically follows {Patient was treated at an outside     hospital and it is unclear whether his upper GI bleed was     secondary to esophageal varices or peptic ulcer disease.}, contradiction if they oppose each other, or neutrality if unrelated. The answer is {}.",2,2,2,2,2,2
"Pt was admitted to OSH on [**1-31**] with DOE, non-purulent cough, and orthopnea.", The patient has no symptoms of pulmonary edema. ,2,"Assess the relationship between the following sentences: {Pt was admitted to OSH on [**1-31**] with DOE, non-purulent cough, and orthopnea.} and { The patient has no symptoms of pulmonary edema. }. Is the second statement entailed by, in contradiction with, or neutral to the first statement? The answer is {}.",0,1,2,2,2,2,"Identify the key ideas in {Pt was admitted to OSH on [**1-31**] with DOE, non-purulent cough, and orthopnea.} and { The patient has no symptoms of pulmonary edema. }, and systematically evaluate their relationship. Categorize it as entailment if { The patient has no symptoms of pulmonary edema. } logically follows {Pt was admitted to OSH on [**1-31**] with DOE, non-purulent cough, and orthopnea.}, contradiction if they oppose each other, or neutrality if unrelated. The answer is {}.",1,1,2,2,2,0,"Given a pair of clinical sentences {Pt was admitted to OSH on [**1-31**] with DOE, non-purulent cough, and orthopnea.} and { The patient has no symptoms of pulmonary edema. }, generate questions about the medical situations described. Answer these questions using basic medical knowledge and use the insights to evaluate their relationship. Categorize the relationship between {Pt was admitted to OSH on [**1-31**] with DOE, non-purulent cough, and orthopnea.} and { The patient has no symptoms of pulmonary edema. } as entailment if { The patient has no symptoms of pulmonary edema. } logically follows {Pt was admitted to OSH on [**1-31**] with DOE, non-purulent cough, and orthopnea.}, contradiction if they oppose each other, or neutrality if unrelated. The answer is {}.",0,2,2,2,0,1
She was given 8L IVF in the ED for low [**Month/Year (2) **] pressures in the 80-90's systolic., Patient has hypotension,1,"Assess the relationship between the following sentences: {She was given 8L IVF in the ED for low [**Month/Year (2) **] pressures in the 80-90's systolic.} and { Patient has hypotension}. Is the second statement entailed by, in contradiction with, or neutral to the first statement? The answer is {}.",1,1,1,1,1,1,"Identify the key ideas in {She was given 8L IVF in the ED for low [**Month/Year (2) **] pressures in the 80-90's systolic.} and { Patient has hypotension}, and systematically evaluate their relationship. Categorize it as entailment if { Patient has hypotension} logically follows {She was given 8L IVF in the ED for low [**Month/Year (2) **] pressures in the 80-90's systolic.}, contradiction if they oppose each other, or neutrality if unrelated. The answer is {}.",1,1,1,1,1,1,"Given a pair of clinical sentences {She was given 8L IVF in the ED for low [**Month/Year (2) **] pressures in the 80-90's systolic.} and { Patient has hypotension}, generate questions about the medical situations described. Answer these questions using basic medical knowledge and use the insights to evaluate their relationship. Categorize the relationship between {She was given 8L IVF in the ED for low [**Month/Year (2) **] pressures in the 80-90's systolic.} and { Patient has hypotension} as entailment if { Patient has hypotension} logically follows {She was given 8L IVF in the ED for low [**Month/Year (2) **] pressures in the 80-90's systolic.}, contradiction if they oppose each other, or neutrality if unrelated. The answer is {}.",1,1,1,1,1,1
During that admission the patient became volume overloaded and was admitted to the MICU for initiation of HD., The patient is volume overloaded and in acute renal failure.,1,"Assess the relationship between the following sentences: {During that admission the patient became volume overloaded and was admitted to the MICU for initiation of HD.} and { The patient is volume overloaded and in acute renal failure.}. Is the second statement entailed by, in contradiction with, or neutral to the first statement? The answer is {}.",1,1,0,1,1,1,"Identify the key ideas in {During that admission the patient became volume overloaded and was admitted to the MICU for initiation of HD.} and { The patient is volume overloaded and in acute renal failure.}, and systematically evaluate their relationship. Categorize it as entailment if { The patient is volume overloaded and in acute renal failure.} logically follows {During that admission the patient became volume overloaded and was admitted to the MICU for initiation of HD.}, contradiction if they oppose each other, or neutrality if unrelated. The answer is {}.",1,1,1,0,1,1,"Given a pair of clinical sentences {During that admission the patient became volume overloaded and was admitted to the MICU for initiation of HD.} and { The patient is volume overloaded and in acute renal failure.}, generate questions about the medical situations described. Answer these questions using basic medical knowledge and use the insights to evaluate their relationship. Categorize the relationship between {During that admission the patient became volume overloaded and was admitted to the MICU for initiation of HD.} and { The patient is volume overloaded and in acute renal failure.} as entailment if { The patient is volume overloaded and in acute renal failure.} logically follows {During that admission the patient became volume overloaded and was admitted to the MICU for initiation of HD.}, contradiction if they oppose each other, or neutrality if unrelated. The answer is {}.",1,1,1,1,1,1
She is unsure whether she has received Pneumovax and Influenza vaccines., She has a history of pneumonia and flu,0,"Assess the relationship between the following sentences: {She is unsure whether she has received Pneumovax and Influenza vaccines.} and { She has a history of pneumonia and flu}. Is the second statement entailed by, in contradiction with, or neutral to the first statement? The answer is {}.",0,0,0,0,0,0,"Identify the key ideas in {She is unsure whether she has received Pneumovax and Influenza vaccines.} and { She has a history of pneumonia and flu}, and systematically evaluate their relationship. Categorize it as entailment if { She has a history of pneumonia and flu} logically follows {She is unsure whether she has received Pneumovax and Influenza vaccines.}, contradiction if they oppose each other, or neutrality if unrelated. The answer is {}.",0,0,0,0,0,0,"Given a pair of clinical sentences {She is unsure whether she has received Pneumovax and Influenza vaccines.} and { She has a history of pneumonia and flu}, generate questions about the medical situations described. Answer these questions using basic medical knowledge and use the insights to evaluate their relationship. Categorize the relationship between {She is unsure whether she has received Pneumovax and Influenza vaccines.} and { She has a history of pneumonia and flu} as entailment if { She has a history of pneumonia and flu} logically follows {She is unsure whether she has received Pneumovax and Influenza vaccines.}, contradiction if they oppose each other, or neutrality if unrelated. The answer is {}.",0,0,0,0,0,0
"He was brought to the catheterization laboratory again in [**Month (only) 115**] for recurrent angina and a positive exercise tolerance test which revealed 40-50% PDA, 30% left main, 60-70% LAD, 50% circumflex, and 60% OM lesions.", The patient has normal coronary arteries.,2,"Assess the relationship between the following sentences: {He was brought to the catheterization laboratory again in [**Month (only) 115**] for recurrent angina and a positive exercise tolerance test which revealed 40-50% PDA, 30% left main, 60-70% LAD, 50% circumflex, and 60% OM lesions.} and { The patient has normal coronary arteries.}. Is the second statement entailed by, in contradiction with, or neutral to the first statement?  The answer is {}.",2,2,2,2,2,2,"Identify the key ideas in {He was brought to the catheterization laboratory again in [**Month (only) 115**] for recurrent angina and a positive exercise tolerance test which revealed 40-50% PDA, 30% left main, 60-70% LAD, 50% circumflex, and 60% OM lesions.} and { The patient has normal coronary arteries.}, and systematically evaluate their relationship. Categorize it as entailment if { The patient has normal coronary arteries.} logically follows {He was brought to the catheterization laboratory again in [**Month (only) 115**] for recurrent angina and a positive exercise tolerance test which revealed 40-50% PDA, 30% left main, 60-70% LAD, 50% circumflex, and 60% OM lesions.}, contradiction if they oppose each other, or neutrality if unrelated. The answer is {}.",2,2,2,2,2,2,"Given a pair of clinical sentences {He was brought to the catheterization laboratory again in [**Month (only) 115**] for recurrent angina and a positive exercise tolerance test which revealed 40-50% PDA, 30% left main, 60-70% LAD, 50% circumflex, and 60% OM lesions.} and { The patient has normal coronary arteries.}, generate questions about the medical situations described. Answer these questions using basic medical knowledge and use the insights to evaluate their relationship. Categorize the relationship between {He was brought to the catheterization laboratory again in [**Month (only) 115**] for recurrent angina and a positive exercise tolerance test which revealed 40-50% PDA, 30% left main, 60-70% LAD, 50% circumflex, and 60% OM lesions.} and { The patient has normal coronary arteries.} as entailment if { The patient has normal coronary arteries.} logically follows {He was brought to the catheterization laboratory again in [**Month (only) 115**] for recurrent angina and a positive exercise tolerance test which revealed 40-50% PDA, 30% left main, 60-70% LAD, 50% circumflex, and 60% OM lesions.}, contradiction if they oppose each other, or neutrality if unrelated. The answer is {}.",2,2,2,2,2,2
"This is a 68 year old female with extensive past medical history of chronic multifactorial lung disease on 2L home O2, congenital heart disease with large ASD s/p repair, obstructive/restrictive lung disease, chronic pulmonary emboli, severe pulmonary hypertension on sildenifil, presenting with progressive dyspnea.", Patient has poor PFTs,1,"Assess the relationship between the following sentences: {This is a 68 year old female with extensive past medical history of chronic multifactorial lung disease on 2L home O2, congenital heart disease with large ASD s/p repair, obstructive/restrictive lung disease, chronic pulmonary emboli, severe pulmonary hypertension on sildenifil, presenting with progressive dyspnea.} and { Patient has poor PFTs}. Is the second statement entailed by, in contradiction with, or neutral to the first statement? The answer is {}.",1,1,1,1,1,1,"Identify the key ideas in {This is a 68 year old female with extensive past medical history of chronic multifactorial lung disease on 2L home O2, congenital heart disease with large ASD s/p repair, obstructive/restrictive lung disease, chronic pulmonary emboli, severe pulmonary hypertension on sildenifil, presenting with progressive dyspnea.} and { Patient has poor PFTs}, and systematically evaluate their relationship. Categorize it as entailment if { Patient has poor PFTs} logically follows {This is a 68 year old female with extensive past medical history of chronic multifactorial lung disease on 2L home O2, congenital heart disease with large ASD s/p repair, obstructive/restrictive lung disease, chronic pulmonary emboli, severe pulmonary hypertension on sildenifil, presenting with progressive dyspnea.}, contradiction if they oppose each other, or neutrality if unrelated. The answer is {}.",1,1,1,1,1,1,"Given a pair of clinical sentences {This is a 68 year old female with extensive past medical history of chronic multifactorial lung disease on 2L home O2, congenital heart disease with large ASD s/p repair, obstructive/restrictive lung disease, chronic pulmonary emboli, severe pulmonary hypertension on sildenifil, presenting with progressive dyspnea.} and { Patient has poor PFTs}, generate questions about the medical situations described. Answer these questions using basic medical knowledge and use the insights to evaluate their relationship. Categorize the relationship between {This is a 68 year old female with extensive past medical history of chronic multifactorial lung disease on 2L home O2, congenital heart disease with large ASD s/p repair, obstructive/restrictive lung disease, chronic pulmonary emboli, severe pulmonary hypertension on sildenifil, presenting with progressive dyspnea.} and { Patient has poor PFTs} as entailment if { Patient has poor PFTs} logically follows {This is a 68 year old female with extensive past medical history of chronic multifactorial lung disease on 2L home O2, congenital heart disease with large ASD s/p repair, obstructive/restrictive lung disease, chronic pulmonary emboli, severe pulmonary hypertension on sildenifil, presenting with progressive dyspnea.}, contradiction if they oppose each other, or neutrality if unrelated. The answer is {}.",1,1,1,1,1,1
"He reports 2-3 days of watery, non-bloody diarrhea up to five times a day.", Patient has normal bowel function,2,"Assess the relationship between the following sentences: {He reports 2-3 days of watery, non-bloody diarrhea up to five times a day.} and { Patient has normal bowel function}. Is the second statement entailed by, in contradiction with, or neutral to the first statement? The answer is {}.",0,2,2,2,2,2,"Identify the key ideas in {He reports 2-3 days of watery, non-bloody diarrhea up to five times a day.} and { Patient has normal bowel function}, and systematically evaluate their relationship. Categorize it as entailment if { Patient has normal bowel function} logically follows {He reports 2-3 days of watery, non-bloody diarrhea up to five times a day.}, contradiction if they oppose each other, or neutrality if unrelated. The answer is {}.",2,0,2,2,2,2,"Given a pair of clinical sentences {He reports 2-3 days of watery, non-bloody diarrhea up to five times a day.} and { Patient has normal bowel function}, generate questions about the medical situations described. Answer these questions using basic medical knowledge and use the insights to evaluate their relationship. Categorize the relationship between {He reports 2-3 days of watery, non-bloody diarrhea up to five times a day.} and { Patient has normal bowel function} as entailment if { Patient has normal bowel function} logically follows {He reports 2-3 days of watery, non-bloody diarrhea up to five times a day.}, contradiction if they oppose each other, or neutrality if unrelated. The answer is {}.",2,2,2,2,2,2
"To workup her cough, a chest x-ray was performed that showed adenopathy and a lung nodule.", the patient has lung cancer,0,"Assess the relationship between the following sentences: {To workup her cough, a chest x-ray was performed that showed adenopathy and a lung nodule.} and { the patient has lung cancer}. Is the second statement entailed by, in contradiction with, or neutral to the first statement? The answer is {}.",1,0,0,0,0,0,"Identify the key ideas in {To workup her cough, a chest x-ray was performed that showed adenopathy and a lung nodule.} and { the patient has lung cancer}, and systematically evaluate their relationship. Categorize it as entailment if { the patient has lung cancer} logically follows {To workup her cough, a chest x-ray was performed that showed adenopathy and a lung nodule.}, contradiction if they oppose each other, or neutrality if unrelated. The answer is {}.",1,1,0,0,1,0,"Given a pair of clinical sentences {To workup her cough, a chest x-ray was performed that showed adenopathy and a lung nodule.} and { the patient has lung cancer}, generate questions about the medical situations described. Answer these questions using basic medical knowledge and use the insights to evaluate their relationship. Categorize the relationship between {To workup her cough, a chest x-ray was performed that showed adenopathy and a lung nodule.} and { the patient has lung cancer} as entailment if { the patient has lung cancer} logically follows {To workup her cough, a chest x-ray was performed that showed adenopathy and a lung nodule.}, contradiction if they oppose each other, or neutrality if unrelated. The answer is {}.",1,1,0,0,1,1
"No fevers at home, no nausea/vomiting (though did report nausea to the ED), no chest pressure or shortness of breath.", The patient has chest pain.,2,"Assess the relationship between the following sentences: {No fevers at home, no nausea/vomiting (though did report nausea to the ED), no chest pressure or shortness of breath.} and { The patient has chest pain.}. Is the second statement entailed by, in contradiction with, or neutral to the first statement? The answer is {}.",2,2,2,2,2,2,"Identify the key ideas in {No fevers at home, no nausea/vomiting (though did report nausea to the ED), no chest pressure or shortness of breath.} and { The patient has chest pain.}, and systematically evaluate their relationship. Categorize it as entailment if { The patient has chest pain.} logically follows {No fevers at home, no nausea/vomiting (though did report nausea to the ED), no chest pressure or shortness of breath.}, contradiction if they oppose each other, or neutrality if unrelated. The answer is {}.",0,2,2,2,2,2,"Given a pair of clinical sentences {No fevers at home, no nausea/vomiting (though did report nausea to the ED), no chest pressure or shortness of breath.} and { The patient has chest pain.}, generate questions about the medical situations described. Answer these questions using basic medical knowledge and use the insights to evaluate their relationship. Categorize the relationship between {No fevers at home, no nausea/vomiting (though did report nausea to the ED), no chest pressure or shortness of breath.} and { The patient has chest pain.} as entailment if { The patient has chest pain.} logically follows {No fevers at home, no nausea/vomiting (though did report nausea to the ED), no chest pressure or shortness of breath.}, contradiction if they oppose each other, or neutrality if unrelated. The answer is {}.",1,0,2,2,2,2
Transferred to CCU for further management. ., The patient was discharged home,2,"Assess the relationship between the following sentences: {Transferred to CCU for further management. .} and { The patient was discharged home}. Is the second statement entailed by, in contradiction with, or neutral to the first statement? The answer is {}.",2,2,0,2,2,2,"Identify the key ideas in {Transferred to CCU for further management. .} and { The patient was discharged home}, and systematically evaluate their relationship. Categorize it as entailment if { The patient was discharged home} logically follows {Transferred to CCU for further management. .}, contradiction if they oppose each other, or neutrality if unrelated. The answer is {}.",2,2,2,0,2,2,"Given a pair of clinical sentences {Transferred to CCU for further management. .} and { The patient was discharged home}, generate questions about the medical situations described. Answer these questions using basic medical knowledge and use the insights to evaluate their relationship. Categorize the relationship between {Transferred to CCU for further management. .} and { The patient was discharged home} as entailment if { The patient was discharged home} logically follows {Transferred to CCU for further management. .}, contradiction if they oppose each other, or neutrality if unrelated. The answer is {}.",2,2,2,2,2,2
"She had a BP of 191/120, HR 102, Sat 91% on ra (98% on 2L n.c.), and was afebrile.", The patient is hypotensive. ,2,"Assess the relationship between the following sentences: {She had a BP of 191/120, HR 102, Sat 91% on ra (98% on 2L n.c.), and was afebrile.} and { The patient is hypotensive. }. Is the second statement entailed by, in contradiction with, or neutral to the first statement? The answer is {}.",2,2,2,2,2,2,"Identify the key ideas in {She had a BP of 191/120, HR 102, Sat 91% on ra (98% on 2L n.c.), and was afebrile.} and { The patient is hypotensive. }, and systematically evaluate their relationship. Categorize it as entailment if { The patient is hypotensive. } logically follows {She had a BP of 191/120, HR 102, Sat 91% on ra (98% on 2L n.c.), and was afebrile.}, contradiction if they oppose each other, or neutrality if unrelated. The answer is {}.",0,2,2,2,2,2,"Given a pair of clinical sentences {She had a BP of 191/120, HR 102, Sat 91% on ra (98% on 2L n.c.), and was afebrile.} and { The patient is hypotensive. }, generate questions about the medical situations described. Answer these questions using basic medical knowledge and use the insights to evaluate their relationship. Categorize the relationship between {She had a BP of 191/120, HR 102, Sat 91% on ra (98% on 2L n.c.), and was afebrile.} and { The patient is hypotensive. } as entailment if { The patient is hypotensive. } logically follows {She had a BP of 191/120, HR 102, Sat 91% on ra (98% on 2L n.c.), and was afebrile.}, contradiction if they oppose each other, or neutrality if unrelated. The answer is {}.",2,2,2,2,2,2
Denies abdominal pain but feels hungrey., The patient is NPO,0,"Assess the relationship between the following sentences: {Denies abdominal pain but feels hungrey.} and { The patient is NPO}. Is the second statement entailed by, in contradiction with, or neutral to the first statement?The answer is {}.",2,0,0,0,2,2,"Identify the key ideas in {Denies abdominal pain but feels hungrey.} and { The patient is NPO}, and systematically evaluate their relationship. Categorize it as entailment if { The patient is NPO} logically follows {Denies abdominal pain but feels hungrey.}, contradiction if they oppose each other, or neutrality if unrelated. The answer is {}.",0,0,0,0,2,2,"Given a pair of clinical sentences {Denies abdominal pain but feels hungrey.} and { The patient is NPO}, generate questions about the medical situations described. Answer these questions using basic medical knowledge and use the insights to evaluate their relationship. Categorize the relationship between {Denies abdominal pain but feels hungrey.} and { The patient is NPO} as entailment if { The patient is NPO} logically follows {Denies abdominal pain but feels hungrey.}, contradiction if they oppose each other, or neutrality if unrelated. The answer is {}.",0,0,0,0,0,0
Complicated by neurogenic bladder requiring illeal loop diversion '[**74**]., The patient has had abdominal surgery. ,1,"Assess the relationship between the following sentences: {Complicated by neurogenic bladder requiring illeal loop diversion '[**74**].} and { The patient has had abdominal surgery. }. Is the second statement entailed by, in contradiction with, or neutral to the first statement? The answer is {}.",1,1,1,1,1,1,"Identify the key ideas in {Complicated by neurogenic bladder requiring illeal loop diversion '[**74**].} and { The patient has had abdominal surgery. }, and systematically evaluate their relationship. Categorize it as entailment if { The patient has had abdominal surgery. } logically follows {Complicated by neurogenic bladder requiring illeal loop diversion '[**74**].}, contradiction if they oppose each other, or neutrality if unrelated. The answer is {}.",1,1,1,1,1,1,"Given a pair of clinical sentences {Complicated by neurogenic bladder requiring illeal loop diversion '[**74**].} and { The patient has had abdominal surgery. }, generate questions about the medical situations described. Answer these questions using basic medical knowledge and use the insights to evaluate their relationship. Categorize the relationship between {Complicated by neurogenic bladder requiring illeal loop diversion '[**74**].} and { The patient has had abdominal surgery. } as entailment if { The patient has had abdominal surgery. } logically follows {Complicated by neurogenic bladder requiring illeal loop diversion '[**74**].}, contradiction if they oppose each other, or neutrality if unrelated. The answer is {}.",1,1,1,1,1,1
"At time of second admission, he c/o intermittent sharp left arm pain, blurred vision in his right eye, and a fall at his home.", The patient has no complaints.,2,"Assess the relationship between the following sentences: {At time of second admission, he c/o intermittent sharp left arm pain, blurred vision in his right eye, and a fall at his home.} and { The patient has no complaints.}. Is the second statement entailed by, in contradiction with, or neutral to the first statement? The answer is {}.",2,2,2,2,2,2,"Identify the key ideas in {At time of second admission, he c/o intermittent sharp left arm pain, blurred vision in his right eye, and a fall at his home.} and { The patient has no complaints.}, and systematically evaluate their relationship. Categorize it as entailment if { The patient has no complaints.} logically follows {At time of second admission, he c/o intermittent sharp left arm pain, blurred vision in his right eye, and a fall at his home.}, contradiction if they oppose each other, or neutrality if unrelated. The answer is {}.",2,2,2,2,2,2,"Given a pair of clinical sentences {At time of second admission, he c/o intermittent sharp left arm pain, blurred vision in his right eye, and a fall at his home.} and { The patient has no complaints.}, generate questions about the medical situations described. Answer these questions using basic medical knowledge and use the insights to evaluate their relationship. Categorize the relationship between {At time of second admission, he c/o intermittent sharp left arm pain, blurred vision in his right eye, and a fall at his home.} and { The patient has no complaints.} as entailment if { The patient has no complaints.} logically follows {At time of second admission, he c/o intermittent sharp left arm pain, blurred vision in his right eye, and a fall at his home.}, contradiction if they oppose each other, or neutrality if unrelated. The answer is {}.",2,2,2,2,2,2
Status post CABG in [**2568-7-15**]., Patient has normal coronaries,2,"Assess the relationship between the following sentences: {Status post CABG in [**2568-7-15**].} and { Patient has normal coronaries}. Is the second statement entailed by, in contradiction with, or neutral to the first statement? The answer is {}.",2,1,2,2,2,2,"Identify the key ideas in {Status post CABG in [**2568-7-15**].} and { Patient has normal coronaries}, and systematically evaluate their relationship. Categorize it as entailment if { Patient has normal coronaries} logically follows {Status post CABG in [**2568-7-15**].}, contradiction if they oppose each other, or neutrality if unrelated. The answer is {}.",0,0,2,2,2,2,"Given a pair of clinical sentences {Status post CABG in [**2568-7-15**].} and { Patient has normal coronaries}, generate questions about the medical situations described. Answer these questions using basic medical knowledge and use the insights to evaluate their relationship. Categorize the relationship between {Status post CABG in [**2568-7-15**].} and { Patient has normal coronaries} as entailment if { Patient has normal coronaries} logically follows {Status post CABG in [**2568-7-15**].}, contradiction if they oppose each other, or neutrality if unrelated. The answer is {}.",2,0,2,2,2,2
"Denied nausea, vomiting, diaphoresis, bowel movement changes.", Patient has negative ROS,1,"Assess the relationship between the following sentences: {Denied nausea, vomiting, diaphoresis, bowel movement changes.} and { Patient has negative ROS}. Is the second statement entailed by, in contradiction with, or neutral to the first statement? The answer is {}.",0,1,1,1,1,1,"Identify the key ideas in {Denied nausea, vomiting, diaphoresis, bowel movement changes.} and { Patient has negative ROS}, and systematically evaluate their relationship. Categorize it as entailment if { Patient has negative ROS} logically follows {Denied nausea, vomiting, diaphoresis, bowel movement changes.}, contradiction if they oppose each other, or neutrality if unrelated. The answer is {}.",0,0,1,1,1,1,"Given a pair of clinical sentences {Denied nausea, vomiting, diaphoresis, bowel movement changes.} and { Patient has negative ROS}, generate questions about the medical situations described. Answer these questions using basic medical knowledge and use the insights to evaluate their relationship. Categorize the relationship between {Denied nausea, vomiting, diaphoresis, bowel movement changes.} and { Patient has negative ROS} as entailment if { Patient has negative ROS} logically follows {Denied nausea, vomiting, diaphoresis, bowel movement changes.}, contradiction if they oppose each other, or neutrality if unrelated. The answer is {}.",1,1,1,1,1,1
Patient appeared 'sleepy' afterwards but then seemed to return to his normal self between seizures., the patient has seizures,1,"Assess the relationship between the following sentences: {Patient appeared 'sleepy' afterwards but then seemed to return to his normal self between seizures.} and { the patient has seizures}. Is the second statement entailed by, in contradiction with, or neutral to the first statement? The answer is {}.",0,1,1,1,1,1,"Identify the key ideas in {Patient appeared 'sleepy' afterwards but then seemed to return to his normal self between seizures.} and { the patient has seizures}, and systematically evaluate their relationship. Categorize it as entailment if { the patient has seizures} logically follows {Patient appeared 'sleepy' afterwards but then seemed to return to his normal self between seizures.}, contradiction if they oppose each other, or neutrality if unrelated. The answer is {}.",1,1,1,1,1,1,"Given a pair of clinical sentences {Patient appeared 'sleepy' afterwards but then seemed to return to his normal self between seizures.} and { the patient has seizures}, generate questions about the medical situations described. Answer these questions using basic medical knowledge and use the insights to evaluate their relationship. Categorize the relationship between {Patient appeared 'sleepy' afterwards but then seemed to return to his normal self between seizures.} and { the patient has seizures} as entailment if { the patient has seizures} logically follows {Patient appeared 'sleepy' afterwards but then seemed to return to his normal self between seizures.}, contradiction if they oppose each other, or neutrality if unrelated. The answer is {}.",1,1,1,1,1,1
There were no neurological changes recorded at the outside hospital., The patient has a stable neurological exam. ,1,"Assess the relationship between the following sentences: {There were no neurological changes recorded at the outside hospital.} and { The patient has a stable neurological exam. }. Is the second statement entailed by, in contradiction with, or neutral to the first statement? The answer is {}.",1,1,0,0,1,0,"Identify the key ideas in {There were no neurological changes recorded at the outside hospital.} and { The patient has a stable neurological exam. }, and systematically evaluate their relationship. Categorize it as entailment if { The patient has a stable neurological exam. } logically follows {There were no neurological changes recorded at the outside hospital.}, contradiction if they oppose each other, or neutrality if unrelated. The answer is {}.",1,1,1,1,1,0,"Given a pair of clinical sentences {There were no neurological changes recorded at the outside hospital.} and { The patient has a stable neurological exam. }, generate questions about the medical situations described. Answer these questions using basic medical knowledge and use the insights to evaluate their relationship. Categorize the relationship between {There were no neurological changes recorded at the outside hospital.} and { The patient has a stable neurological exam. } as entailment if { The patient has a stable neurological exam. } logically follows {There were no neurological changes recorded at the outside hospital.}, contradiction if they oppose each other, or neutrality if unrelated. The answer is {}.",1,1,1,1,1,1
"PAST MEDICAL HISTORY:  Significant for diabetes type 2 treated with insulin, gastroesophageal reflux disease, Schatzki's ring, cerebrovascular accident in [**2948**] with residual left hemiparesis treated with Coumadin, TAH/BSO, peripheral vascular disease, status post appendectomy, coronary artery disease with coronary artery bypass graft in [**9-/2953**] with a left internal mammary artery to the left anterior descending, right saphenous vein graft to the obtuse marginal number one and radial to the posterior descending artery.", The patient has no medical history.,2,"Assess the relationship between the following sentences: {PAST MEDICAL HISTORY:  Significant for diabetes type 2 treated with insulin, gastroesophageal reflux disease, Schatzki's ring, cerebrovascular accident in [**2948**] with residual left hemiparesis treated with Coumadin, TAH/BSO, peripheral vascular disease, status post appendectomy, coronary artery disease with coronary artery bypass graft in [**9-/2953**] with a left internal mammary artery to the left anterior descending, right saphenous vein graft to the obtuse marginal number one and radial to the posterior descending artery.} and { The patient has no medical history.}. Is the second statement entailed by, in contradiction with, or neutral to the first statement? The answer is {}.",2,2,2,2,2,2,"Identify the key ideas in {PAST MEDICAL HISTORY:  Significant for diabetes type 2 treated with insulin, gastroesophageal reflux disease, Schatzki's ring, cerebrovascular accident in [**2948**] with residual left hemiparesis treated with Coumadin, TAH/BSO, peripheral vascular disease, status post appendectomy, coronary artery disease with coronary artery bypass graft in [**9-/2953**] with a left internal mammary artery to the left anterior descending, right saphenous vein graft to the obtuse marginal number one and radial to the posterior descending artery.} and { The patient has no medical history.}, and systematically evaluate their relationship. Categorize it as entailment if { The patient has no medical history.} logically follows {PAST MEDICAL HISTORY:  Significant for diabetes type 2 treated with insulin, gastroesophageal reflux disease, Schatzki's ring, cerebrovascular accident in [**2948**] with residual left hemiparesis treated with Coumadin, TAH/BSO, peripheral vascular disease, status post appendectomy, coronary artery disease with coronary artery bypass graft in [**9-/2953**] with a left internal mammary artery to the left anterior descending, right saphenous vein graft to the obtuse marginal number one and radial to the posterior descending artery.}, contradiction if they oppose each other, or neutrality if unrelated. The answer is {}.",2,2,2,2,2,2,"Given a pair of clinical sentences {PAST MEDICAL HISTORY:  Significant for diabetes type 2 treated with insulin, gastroesophageal reflux disease, Schatzki's ring, cerebrovascular accident in [**2948**] with residual left hemiparesis treated with Coumadin, TAH/BSO, peripheral vascular disease, status post appendectomy, coronary artery disease with coronary artery bypass graft in [**9-/2953**] with a left internal mammary artery to the left anterior descending, right saphenous vein graft to the obtuse marginal number one and radial to the posterior descending artery.} and { The patient has no medical history.}, generate questions about the medical situations described. Answer these questions using basic medical knowledge and use the insights to evaluate their relationship. Categorize the relationship between {PAST MEDICAL HISTORY:  Significant for diabetes type 2 treated with insulin, gastroesophageal reflux disease, Schatzki's ring, cerebrovascular accident in [**2948**] with residual left hemiparesis treated with Coumadin, TAH/BSO, peripheral vascular disease, status post appendectomy, coronary artery disease with coronary artery bypass graft in [**9-/2953**] with a left internal mammary artery to the left anterior descending, right saphenous vein graft to the obtuse marginal number one and radial to the posterior descending artery.} and { The patient has no medical history.} as entailment if { The patient has no medical history.} logically follows {PAST MEDICAL HISTORY:  Significant for diabetes type 2 treated with insulin, gastroesophageal reflux disease, Schatzki's ring, cerebrovascular accident in [**2948**] with residual left hemiparesis treated with Coumadin, TAH/BSO, peripheral vascular disease, status post appendectomy, coronary artery disease with coronary artery bypass graft in [**9-/2953**] with a left internal mammary artery to the left anterior descending, right saphenous vein graft to the obtuse marginal number one and radial to the posterior descending artery.}, contradiction if they oppose each other, or neutrality if unrelated. The answer is {}.",2,2,2,2,2,2
No EGD done at the time., The patient has GERD like symptoms. ,0,"Assess the relationship between the following sentences: {No EGD done at the time.} and { The patient has GERD like symptoms. }. Is the second statement entailed by, in contradiction with, or neutral to the first statement? The answer is {}.",0,0,0,0,0,0,"Identify the key ideas in {No EGD done at the time.} and { The patient has GERD like symptoms. }, and systematically evaluate their relationship. Categorize it as entailment if { The patient has GERD like symptoms. } logically follows {No EGD done at the time.}, contradiction if they oppose each other, or neutrality if unrelated. The answer is {}.",0,0,0,0,0,0,"Given a pair of clinical sentences {No EGD done at the time.} and { The patient has GERD like symptoms. }, generate questions about the medical situations described. Answer these questions using basic medical knowledge and use the insights to evaluate their relationship. Categorize the relationship between {No EGD done at the time.} and { The patient has GERD like symptoms. } as entailment if { The patient has GERD like symptoms. } logically follows {No EGD done at the time.}, contradiction if they oppose each other, or neutrality if unrelated. The answer is {}.",0,0,0,0,0,0
MRI confirmed right cerebellar lesion with rim enhancement suggesting metastatic focus., Patient has cancer,0,"Assess the relationship between the following sentences: {MRI confirmed right cerebellar lesion with rim enhancement suggesting metastatic focus.} and { Patient has cancer}. Is the second statement entailed by, in contradiction with, or neutral to the first statement? The answer is {}.",1,1,1,1,1,1,"Identify the key ideas in {MRI confirmed right cerebellar lesion with rim enhancement suggesting metastatic focus.} and { Patient has cancer}, and systematically evaluate their relationship. Categorize it as entailment if { Patient has cancer} logically follows {MRI confirmed right cerebellar lesion with rim enhancement suggesting metastatic focus.}, contradiction if they oppose each other, or neutrality if unrelated. The answer is {}.",1,1,1,1,1,1,"Given a pair of clinical sentences {MRI confirmed right cerebellar lesion with rim enhancement suggesting metastatic focus.} and { Patient has cancer}, generate questions about the medical situations described. Answer these questions using basic medical knowledge and use the insights to evaluate their relationship. Categorize the relationship between {MRI confirmed right cerebellar lesion with rim enhancement suggesting metastatic focus.} and { Patient has cancer} as entailment if { Patient has cancer} logically follows {MRI confirmed right cerebellar lesion with rim enhancement suggesting metastatic focus.}, contradiction if they oppose each other, or neutrality if unrelated. The answer is {}.",1,1,1,1,1,1
Denies head trauma., History of concussions,2,"Assess the relationship between the following sentences: {Denies head trauma.} and { History of concussions}. Is the second statement entailed by, in contradiction with, or neutral to the first statement? The answer is {}.",2,2,0,2,2,2,"Identify the key ideas in {Denies head trauma.} and { History of concussions}, and systematically evaluate their relationship. Categorize it as entailment if { History of concussions} logically follows {Denies head trauma.}, contradiction if they oppose each other, or neutrality if unrelated. The answer is {}.",2,2,2,0,2,2,"Given a pair of clinical sentences {Denies head trauma.} and { History of concussions}, generate questions about the medical situations described. Answer these questions using basic medical knowledge and use the insights to evaluate their relationship. Categorize the relationship between {Denies head trauma.} and { History of concussions} as entailment if { History of concussions} logically follows {Denies head trauma.}, contradiction if they oppose each other, or neutrality if unrelated. The answer is {}.",2,2,2,2,2,2
"Seizure disorder, in the setting of renal failure.", Normal renal function,2,"Assess the relationship between the following sentences: {Seizure disorder, in the setting of renal failure.} and { Normal renal function}. Is the second statement entailed by, in contradiction with, or neutral to the first statement? The answer is {}.",2,2,2,2,2,2,"Identify the key ideas in {Seizure disorder, in the setting of renal failure.} and { Normal renal function}, and systematically evaluate their relationship. Categorize it as entailment if { Normal renal function} logically follows {Seizure disorder, in the setting of renal failure.}, contradiction if they oppose each other, or neutrality if unrelated. The answer is {}.",0,2,2,2,2,2,"Given a pair of clinical sentences {Seizure disorder, in the setting of renal failure.} and { Normal renal function}, generate questions about the medical situations described. Answer these questions using basic medical knowledge and use the insights to evaluate their relationship. Categorize the relationship between {Seizure disorder, in the setting of renal failure.} and { Normal renal function} as entailment if { Normal renal function} logically follows {Seizure disorder, in the setting of renal failure.}, contradiction if they oppose each other, or neutrality if unrelated. The answer is {}.",2,0,2,2,2,2
"He was emergently intubated, and a right femoral cordis was placed.", Patient has central venous line in place,0,"Assess the relationship between the following sentences: {He was emergently intubated, and a right femoral cordis was placed.} and { Patient has central venous line in place}. Is the second statement entailed by, in contradiction with, or neutral to the first statement? The answer is {}.",1,1,1,1,1,0,"Identify the key ideas in {He was emergently intubated, and a right femoral cordis was placed.} and { Patient has central venous line in place}, and systematically evaluate their relationship. Categorize it as entailment if { Patient has central venous line in place} logically follows {He was emergently intubated, and a right femoral cordis was placed.}, contradiction if they oppose each other, or neutrality if unrelated. The answer is {}.",0,1,1,1,1,1,"Given a pair of clinical sentences {He was emergently intubated, and a right femoral cordis was placed.} and { Patient has central venous line in place}, generate questions about the medical situations described. Answer these questions using basic medical knowledge and use the insights to evaluate their relationship. Categorize the relationship between {He was emergently intubated, and a right femoral cordis was placed.} and { Patient has central venous line in place} as entailment if { Patient has central venous line in place} logically follows {He was emergently intubated, and a right femoral cordis was placed.}, contradiction if they oppose each other, or neutrality if unrelated. The answer is {}.",0,0,1,1,1,1
"The patient is a 57 yo woman with a negative [** Location **]us medical history, obesity, who presents [**3259-12-9**] after being found in the parking lot with R hemiparesis.", Patient has signs of stroke,0,"Assess the relationship between the following sentences: {The patient is a 57 yo woman with a negative [** Location **]us medical history, obesity, who presents [**3259-12-9**] after being found in the parking lot with R hemiparesis.} and { Patient has signs of stroke}. Is the second statement entailed by, in contradiction with, or neutral to the first statement? The answer is {}.",1,1,1,1,1,1,"Identify the key ideas in {The patient is a 57 yo woman with a negative [** Location **]us medical history, obesity, who presents [**3259-12-9**] after being found in the parking lot with R hemiparesis.} and { Patient has signs of stroke}, and systematically evaluate their relationship. Categorize it as entailment if { Patient has signs of stroke} logically follows {The patient is a 57 yo woman with a negative [** Location **]us medical history, obesity, who presents [**3259-12-9**] after being found in the parking lot with R hemiparesis.}, contradiction if they oppose each other, or neutrality if unrelated. The answer is {}.",1,1,1,1,1,1,"Given a pair of clinical sentences {The patient is a 57 yo woman with a negative [** Location **]us medical history, obesity, who presents [**3259-12-9**] after being found in the parking lot with R hemiparesis.} and { Patient has signs of stroke}, generate questions about the medical situations described. Answer these questions using basic medical knowledge and use the insights to evaluate their relationship. Categorize the relationship between {The patient is a 57 yo woman with a negative [** Location **]us medical history, obesity, who presents [**3259-12-9**] after being found in the parking lot with R hemiparesis.} and { Patient has signs of stroke} as entailment if { Patient has signs of stroke} logically follows {The patient is a 57 yo woman with a negative [** Location **]us medical history, obesity, who presents [**3259-12-9**] after being found in the parking lot with R hemiparesis.}, contradiction if they oppose each other, or neutrality if unrelated. The answer is {}.",0,1,1,1,1,1
right breast cancer hypothyroidism, History of cancer,1,"Assess the relationship between the following sentences: {right breast cancer hypothyroidism} and { History of cancer}. Is the second statement entailed by, in contradiction with, or neutral to the first statement? The answer is {}.",0,1,1,1,1,1,"Identify the key ideas in {right breast cancer hypothyroidism} and { History of cancer}, and systematically evaluate their relationship. Categorize it as entailment if { History of cancer} logically follows {right breast cancer hypothyroidism}, contradiction if they oppose each other, or neutrality if unrelated. The answer is {}.",0,1,1,1,1,1,"Given a pair of clinical sentences {right breast cancer hypothyroidism} and { History of cancer}, generate questions about the medical situations described. Answer these questions using basic medical knowledge and use the insights to evaluate their relationship. Categorize the relationship between {right breast cancer hypothyroidism} and { History of cancer} as entailment if { History of cancer} logically follows {right breast cancer hypothyroidism}, contradiction if they oppose each other, or neutrality if unrelated. The answer is {}.",1,0,1,1,1,1
"Pt was admitted to OSH on [**1-31**] with DOE, non-purulent cough, and orthopnea.", The patient has pulmonary edema. ,0,"Assess the relationship between the following sentences: {Pt was admitted to OSH on [**1-31**] with DOE, non-purulent cough, and orthopnea.} and { The patient has pulmonary edema. }. Is the second statement entailed by, in contradiction with, or neutral to the first statement? The answer is {}.",1,1,0,0,1,0,"Identify the key ideas in {Pt was admitted to OSH on [**1-31**] with DOE, non-purulent cough, and orthopnea.} and { The patient has pulmonary edema. }, and systematically evaluate their relationship. Categorize it as entailment if { The patient has pulmonary edema. } logically follows {Pt was admitted to OSH on [**1-31**] with DOE, non-purulent cough, and orthopnea.}, contradiction if they oppose each other, or neutrality if unrelated. The answer is {}.",1,1,0,0,1,1,"Given a pair of clinical sentences {Pt was admitted to OSH on [**1-31**] with DOE, non-purulent cough, and orthopnea.} and { The patient has pulmonary edema. }, generate questions about the medical situations described. Answer these questions using basic medical knowledge and use the insights to evaluate their relationship. Categorize the relationship between {Pt was admitted to OSH on [**1-31**] with DOE, non-purulent cough, and orthopnea.} and { The patient has pulmonary edema. } as entailment if { The patient has pulmonary edema. } logically follows {Pt was admitted to OSH on [**1-31**] with DOE, non-purulent cough, and orthopnea.}, contradiction if they oppose each other, or neutrality if unrelated. The answer is {}.",1,1,0,0,1,1
The patient remained hemodynamically stable and was admitted for further workup., the patient has hemodynamically stable,1,"Assess the relationship between the following sentences: {The patient remained hemodynamically stable and was admitted for further workup.} and { the patient has hemodynamically stable}. Is the second statement entailed by, in contradiction with, or neutral to the first statement? The answer is {}.",1,1,1,1,1,1,"Identify the key ideas in {The patient remained hemodynamically stable and was admitted for further workup.} and { the patient has hemodynamically stable}, and systematically evaluate their relationship. Categorize it as entailment if { the patient has hemodynamically stable} logically follows {The patient remained hemodynamically stable and was admitted for further workup.}, contradiction if they oppose each other, or neutrality if unrelated. The answer is {}.",0,1,1,1,1,1,"Given a pair of clinical sentences {The patient remained hemodynamically stable and was admitted for further workup.} and { the patient has hemodynamically stable}, generate questions about the medical situations described. Answer these questions using basic medical knowledge and use the insights to evaluate their relationship. Categorize the relationship between {The patient remained hemodynamically stable and was admitted for further workup.} and { the patient has hemodynamically stable} as entailment if { the patient has hemodynamically stable} logically follows {The patient remained hemodynamically stable and was admitted for further workup.}, contradiction if they oppose each other, or neutrality if unrelated. The answer is {}.",1,1,1,1,1,1
CVA in [**2987**] with residual left-sided weakness 8., Patient has normal motor exam,2,"Assess the relationship between the following sentences: {CVA in [**2987**] with residual left-sided weakness 8.} and { Patient has normal motor exam}. Is the second statement entailed by, in contradiction with, or neutral to the first statement? The answer is {}.",2,2,2,2,2,2,"Identify the key ideas in {CVA in [**2987**] with residual left-sided weakness 8.} and { Patient has normal motor exam}, and systematically evaluate their relationship. Categorize it as entailment if { Patient has normal motor exam} logically follows {CVA in [**2987**] with residual left-sided weakness 8.}, contradiction if they oppose each other, or neutrality if unrelated. The answer is {}.",2,2,2,2,2,2,"Given a pair of clinical sentences {CVA in [**2987**] with residual left-sided weakness 8.} and { Patient has normal motor exam}, generate questions about the medical situations described. Answer these questions using basic medical knowledge and use the insights to evaluate their relationship. Categorize the relationship between {CVA in [**2987**] with residual left-sided weakness 8.} and { Patient has normal motor exam} as entailment if { Patient has normal motor exam} logically follows {CVA in [**2987**] with residual left-sided weakness 8.}, contradiction if they oppose each other, or neutrality if unrelated. The answer is {}.",2,2,2,2,2,2
"He was dried, warmed, and vigorously stimulated without effect.", The patient is obtunded.,1,"Assess the relationship between the following sentences: {He was dried, warmed, and vigorously stimulated without effect.} and { The patient is obtunded.}. Is the second statement entailed by, in contradiction with, or neutral to the first statement? The answer is {}.",1,1,0,0,1,1,"Identify the key ideas in {He was dried, warmed, and vigorously stimulated without effect.} and { The patient is obtunded.}, and systematically evaluate their relationship. Categorize it as entailment if { The patient is obtunded.} logically follows {He was dried, warmed, and vigorously stimulated without effect.}, contradiction if they oppose each other, or neutrality if unrelated. The answer is {}.",1,1,1,1,1,1,"Given a pair of clinical sentences {He was dried, warmed, and vigorously stimulated without effect.} and { The patient is obtunded.}, generate questions about the medical situations described. Answer these questions using basic medical knowledge and use the insights to evaluate their relationship. Categorize the relationship between {He was dried, warmed, and vigorously stimulated without effect.} and { The patient is obtunded.} as entailment if { The patient is obtunded.} logically follows {He was dried, warmed, and vigorously stimulated without effect.}, contradiction if they oppose each other, or neutrality if unrelated. The answer is {}.",1,1,1,1,1,1
